row_id,task,difficulty,model,variant,valid,overall_correct,methods_correct,columns_correct,over_selection,under_selection,n_pred_methods,n_gt_methods,pred_methods,gt_methods,ssc,drop_rate,add_rate_in,add_rate_out,label_clarity_auto,verdicts,selfcheck_changed
0,Variance Test,hard,14B,V4,1,1,1,1,0,0,2,2,Mood Variance Test|Levene Test,Mood Variance Test|Levene Test,,,,,n/a,,1
1,Variance Test,easy,14B,V4,1,0,0,1,0,1,2,4,Mood Variance Test|Levene Test,Mood Variance Test|Levene Test|Bartlett Test|F-Test for Variance,,,,,n/a,,1
2,Distribution Compliance Test,easy,14B,V4,1,0,0,1,1,0,8,1,Anderson-Darling Test|Shapiro-Wilk Test of Normality|Kolmogorov-Smirnov Test for Normality|Lilliefors Test|Kolmogorov-Smirnov Test|Kolmogorov-Smirnov Test for Uniform distribution|Kolmogorov-Smirnov Test for Gamma distribution|Kolmogorov-Smirnov Test for Exponential distribution,Kolmogorov-Smirnov Test,,,,,n/a,,0
3,Distribution Compliance Test,hard,14B,V4,1,0,0,1,1,0,4,3,Anderson-Darling Test|Shapiro-Wilk Test of Normality|Kolmogorov-Smirnov Test for Normality|Lilliefors Test,Anderson-Darling Test|Kolmogorov-Smirnov Test for Normality|Lilliefors Test,,,,,n/a,,0
4,Distribution Compliance Test,hard,14B,V4,1,0,0,1,1,1,8,3,Mean|Median|Mode|Range|Quartile|Standard Deviation|Skewness|Kurtosis,Anderson-Darling Test|Shapiro-Wilk Test of Normality|Kolmogorov-Smirnov Test for Normality,,,,,n/a,,1
5,Descriptive Statistics,easy,14B,V4,1,0,0,1,1,1,3,1,Mood Variance Test|Levene Test|Standard Deviation,Range,,,,,n/a,,1
6,Variance Test,hard,14B,V4,1,1,1,1,0,0,2,2,Mood Variance Test|Levene Test,Mood Variance Test|Levene Test,,,,,n/a,,1
7,Contingency Table Test,hard,14B,V4,1,1,1,1,0,0,1,1,Chi-square Independence Test,Chi-square Independence Test,,,,,n/a,,0
8,Variance Test,hard,14B,V4,1,0,0,1,0,1,1,2,Levene Test,Mood Variance Test|Levene Test,,,,,n/a,,1
9,Distribution Compliance Test,hard,14B,V4,1,0,0,1,1,1,3,3,Shapiro-Wilk Test of Normality|Anderson-Darling Test|Kolmogorov-Smirnov Test for Normality,Anderson-Darling Test|Kolmogorov-Smirnov Test for Normality|Lilliefors Test,,,,,n/a,,0
10,Correlation Analysis,easy,14B,V4,1,0,0,1,0,1,1,3,Pearson Correlation Coefficient,Pearson Correlation Coefficient|Spearman Correlation Coefficient|Kendall Correlation Coefficient,,,,,n/a,,0
11,Variance Test,hard,14B,V4,1,0,0,1,1,1,1,2,F-Test for Variance,Mood Variance Test|Levene Test,,,,,n/a,,0
12,Distribution Compliance Test,easy,14B,V4,1,1,1,1,0,0,1,1,Kolmogorov-Smirnov Test,Kolmogorov-Smirnov Test,,,,,n/a,,0
13,Contingency Table Test,hard,14B,V4,1,1,1,1,0,0,1,1,Chi-square Independence Test,Chi-square Independence Test,,,,,n/a,,0
14,Contingency Table Test,easy,14B,V4,1,0,0,1,1,1,2,2,Spearman Correlation Coefficient|Kendall Correlation Coefficient,Chi-square Independence Test|Fisher Exact Test,,,,,n/a,,1
15,Contingency Table Test,hard,14B,V4,1,1,1,1,0,0,1,1,Chi-square Independence Test,Chi-square Independence Test,,,,,n/a,,1
16,Contingency Table Test,hard,14B,V4,1,1,1,1,0,0,1,1,Chi-square Independence Test,Chi-square Independence Test,,,,,n/a,,1
17,Distribution Compliance Test,easy,14B,V4,1,0,0,1,1,0,2,1,Kolmogorov-Smirnov Test|Anderson-Darling Test,Kolmogorov-Smirnov Test,,,,,n/a,,0
18,Variance Test,hard,14B,V4,1,1,1,1,0,0,2,2,Mood Variance Test|Levene Test,Mood Variance Test|Levene Test,,,,,n/a,,1
19,Variance Test,hard,14B,V4,1,0,0,1,1,1,1,2,F-Test for Variance,Mood Variance Test|Levene Test,,,,,n/a,,0
20,Variance Test,hard,14B,V4,1,1,1,1,0,0,2,2,Mood Variance Test|Levene Test,Mood Variance Test|Levene Test,,,,,n/a,,1
21,Distribution Compliance Test,easy,14B,V4,1,1,1,1,0,0,1,1,Kolmogorov-Smirnov Test,Kolmogorov-Smirnov Test,,,,,n/a,,0
22,Variance Test,easy,14B,V4,1,0,0,1,0,1,3,4,Mood Variance Test|Levene Test|Bartlett Test,Mood Variance Test|Levene Test|Bartlett Test|F-Test for Variance,,,,,n/a,,0
23,Correlation Analysis,hard,14B,V4,1,0,0,1,1,1,1,1,Pearson Correlation Coefficient,Kendall Correlation Coefficient,,,,,n/a,,0
24,Variance Test,hard,14B,V4,1,0,0,1,0,1,1,2,Levene Test,Mood Variance Test|Levene Test,,,,,n/a,,0
25,Correlation Analysis,easy,14B,V4,1,0,0,1,0,1,1,3,Pearson Correlation Coefficient,Pearson Correlation Coefficient|Spearman Correlation Coefficient|Kendall Correlation Coefficient,,,,,n/a,,0
26,Contingency Table Test,easy,14B,V4,1,1,1,1,0,0,2,2,Chi-square Independence Test|Fisher Exact Test,Chi-square Independence Test|Fisher Exact Test,,,,,n/a,,0
27,Variance Test,easy,14B,V4,1,0,0,1,0,1,3,4,Levene Test|Bartlett Test|F-Test for Variance,Mood Variance Test|Levene Test|Bartlett Test|F-Test for Variance,,,,,n/a,,0
28,Variance Test,hard,14B,V4,1,1,1,1,0,0,2,2,Mood Variance Test|Levene Test,Mood Variance Test|Levene Test,,,,,n/a,,1
29,Distribution Compliance Test,easy,14B,V4,1,1,1,1,0,0,1,1,Kolmogorov-Smirnov Test,Kolmogorov-Smirnov Test,,,,,n/a,,0
30,Variance Test,hard,14B,V4,1,1,1,1,0,0,2,2,Mood Variance Test|Levene Test,Mood Variance Test|Levene Test,,,,,n/a,,1
31,Contingency Table Test,hard,14B,V4,1,0,0,1,1,0,2,1,Chi-square Independence Test|Fisher Exact Test,Fisher Exact Test,,,,,n/a,,0
32,Variance Test,hard,14B,V4,1,1,1,1,0,0,2,2,Mood Variance Test|Levene Test,Mood Variance Test|Levene Test,,,,,n/a,,1
33,Distribution Compliance Test,hard,14B,V4,1,0,0,1,1,0,4,3,Shapiro-Wilk Test of Normality|Anderson-Darling Test|Kolmogorov-Smirnov Test for Normality|Lilliefors Test,Anderson-Darling Test|Kolmogorov-Smirnov Test for Normality|Lilliefors Test,,,,,n/a,,0
34,Distribution Compliance Test,hard,14B,V4,1,0,0,1,1,0,4,3,Anderson-Darling Test|Shapiro-Wilk Test of Normality|Lilliefors Test|Kolmogorov-Smirnov Test for Normality,Anderson-Darling Test|Kolmogorov-Smirnov Test for Normality|Lilliefors Test,,,,,n/a,,1
35,Variance Test,hard,14B,V4,1,0,0,1,0,1,1,2,Levene Test,Mood Variance Test|Levene Test,,,,,n/a,,1
36,Variance Test,hard,14B,V4,1,1,1,1,0,0,2,2,Mood Variance Test|Levene Test,Mood Variance Test|Levene Test,,,,,n/a,,1
37,Distribution Compliance Test,hard,14B,V4,1,0,0,1,1,1,6,3,Shapiro-Wilk Test of Normality|Mean|Median|Standard Deviation|Skewness|Kurtosis,Anderson-Darling Test|Shapiro-Wilk Test of Normality|Kolmogorov-Smirnov Test for Normality,,,,,n/a,,0
38,Variance Test,hard,14B,V4,1,1,1,1,0,0,2,2,Mood Variance Test|Levene Test,Mood Variance Test|Levene Test,,,,,n/a,,1
39,Distribution Compliance Test,hard,14B,V4,1,0,0,1,1,1,3,3,Shapiro-Wilk Test of Normality|Anderson-Darling Test|Lilliefors Test,Anderson-Darling Test|Kolmogorov-Smirnov Test for Normality|Lilliefors Test,,,,,n/a,,0
40,Variance Test,hard,14B,V4,1,1,1,1,0,0,2,2,Mood Variance Test|Levene Test,Mood Variance Test|Levene Test,,,,,n/a,,1
41,Variance Test,hard,14B,V4,1,1,1,1,0,0,2,2,Levene Test|Mood Variance Test,Mood Variance Test|Levene Test,,,,,n/a,,1
42,Descriptive Statistics,easy,14B,V4,1,0,0,1,1,0,5,1,Skewness|Anderson-Darling Test|Shapiro-Wilk Test of Normality|Kolmogorov-Smirnov Test for Normality|Lilliefors Test,Skewness,,,,,n/a,,0
43,Distribution Compliance Test,hard,14B,V4,1,0,0,1,1,0,4,3,Shapiro-Wilk Test of Normality|Anderson-Darling Test|Kolmogorov-Smirnov Test for Normality|Lilliefors Test,Anderson-Darling Test|Shapiro-Wilk Test of Normality|Kolmogorov-Smirnov Test for Normality,,,,,n/a,,0
44,Distribution Compliance Test,hard,14B,V4,1,0,0,0,1,1,6,3,Shapiro-Wilk Test of Normality|Anderson-Darling Test|Mean|Median|Standard Deviation|Variance Test,Anderson-Darling Test|Kolmogorov-Smirnov Test for Normality|Lilliefors Test,,,,,n/a,,0
45,Variance Test,hard,14B,V4,1,1,1,1,0,0,2,2,Mood Variance Test|Levene Test,Mood Variance Test|Levene Test,,,,,n/a,,1
46,Distribution Compliance Test,hard,14B,V4,1,0,0,1,1,0,4,3,Shapiro-Wilk Test of Normality|Anderson-Darling Test|Kolmogorov-Smirnov Test for Normality|Lilliefors Test,Anderson-Darling Test|Kolmogorov-Smirnov Test for Normality|Lilliefors Test,,,,,n/a,,0
47,Distribution Compliance Test,easy,14B,V4,1,0,0,1,1,0,2,1,Kolmogorov-Smirnov Test|Anderson-Darling Test,Kolmogorov-Smirnov Test,,,,,n/a,,0
48,Descriptive Statistics,easy,14B,V4,1,0,0,1,1,0,2,1,Skewness|Shapiro-Wilk Test of Normality,Skewness,,,,,n/a,,0
49,Variance Test,easy,14B,V4,1,1,1,1,0,0,4,4,Mood Variance Test|Levene Test|Bartlett Test|F-Test for Variance,Mood Variance Test|Levene Test|Bartlett Test|F-Test for Variance,,,,,n/a,,0
50,Variance Test,easy,14B,V4,1,0,0,1,1,1,3,4,Pearson Correlation Coefficient|Spearman Correlation Coefficient|Kendall Correlation Coefficient,Mood Variance Test|Levene Test|Bartlett Test|F-Test for Variance,,,,,n/a,,1
51,Correlation Analysis,easy,14B,V4,1,0,0,1,0,1,1,3,Pearson Correlation Coefficient,Pearson Correlation Coefficient|Spearman Correlation Coefficient|Kendall Correlation Coefficient,,,,,n/a,,0
52,Distribution Compliance Test,easy,14B,V4,1,0,0,1,1,1,1,1,Anderson-Darling Test,Kolmogorov-Smirnov Test,,,,,n/a,,0
53,Variance Test,hard,14B,V4,1,0,0,1,0,1,1,2,Levene Test,Mood Variance Test|Levene Test,,,,,n/a,,1
54,Distribution Compliance Test,hard,14B,V4,1,0,0,1,1,0,4,3,Shapiro-Wilk Test of Normality|Anderson-Darling Test|Kolmogorov-Smirnov Test for Normality|Lilliefors Test,Anderson-Darling Test|Kolmogorov-Smirnov Test for Normality|Lilliefors Test,,,,,n/a,,0
55,Distribution Compliance Test,hard,14B,V4,1,0,0,1,1,1,8,3,Shapiro-Wilk Test of Normality|Kolmogorov-Smirnov Test for Normality|Lilliefors Test|Mean|Median|Standard Deviation|Skewness|Kurtosis,Anderson-Darling Test|Kolmogorov-Smirnov Test for Normality|Lilliefors Test,,,,,n/a,,0
56,Distribution Compliance Test,easy,14B,V4,1,1,1,1,0,0,1,1,Kolmogorov-Smirnov Test,Kolmogorov-Smirnov Test,,,,,n/a,,0
57,Variance Test,hard,14B,V4,1,1,1,1,0,0,2,2,Mood Variance Test|Levene Test,Mood Variance Test|Levene Test,,,,,n/a,,1
58,Correlation Analysis,hard,14B,V4,1,0,0,1,1,1,1,1,Pearson Correlation Coefficient,Kendall Correlation Coefficient,,,,,n/a,,0
59,Distribution Compliance Test,hard,14B,V4,1,1,1,1,0,0,3,3,Shapiro-Wilk Test of Normality|Anderson-Darling Test|Kolmogorov-Smirnov Test for Normality,Anderson-Darling Test|Shapiro-Wilk Test of Normality|Kolmogorov-Smirnov Test for Normality,,,,,n/a,,0
60,Distribution Compliance Test,easy,14B,V4,1,1,1,1,0,0,1,1,Kolmogorov-Smirnov Test,Kolmogorov-Smirnov Test,,,,,n/a,,0
61,Distribution Compliance Test,hard,14B,V4,1,0,0,1,1,0,4,3,Shapiro-Wilk Test of Normality|Anderson-Darling Test|Kolmogorov-Smirnov Test for Normality|Lilliefors Test,Anderson-Darling Test|Shapiro-Wilk Test of Normality|Kolmogorov-Smirnov Test for Normality,,,,,n/a,,0
62,Contingency Table Test,easy,14B,V4,1,0,0,1,0,1,1,2,Chi-square Independence Test,Chi-square Independence Test|Fisher Exact Test,,,,,n/a,,0
63,Distribution Compliance Test,hard,14B,V4,1,0,0,1,1,0,4,3,Shapiro-Wilk Test of Normality|Anderson-Darling Test|Kolmogorov-Smirnov Test for Normality|Lilliefors Test,Anderson-Darling Test|Kolmogorov-Smirnov Test for Normality|Lilliefors Test,,,,,n/a,,0
64,Distribution Compliance Test,hard,14B,V4,1,0,0,1,1,0,4,3,Shapiro-Wilk Test of Normality|Anderson-Darling Test|Kolmogorov-Smirnov Test for Normality|Lilliefors Test,Anderson-Darling Test|Kolmogorov-Smirnov Test for Normality|Lilliefors Test,,,,,n/a,,0
65,Variance Test,easy,14B,V4,1,0,0,1,0,1,1,4,Levene Test,Mood Variance Test|Levene Test|Bartlett Test|F-Test for Variance,,,,,n/a,,1
66,Distribution Compliance Test,hard,14B,V4,1,0,0,1,1,1,3,3,Shapiro-Wilk Test of Normality|Anderson-Darling Test|Kolmogorov-Smirnov Test for Normality,Anderson-Darling Test|Kolmogorov-Smirnov Test for Normality|Lilliefors Test,,,,,n/a,,0
67,Variance Test,hard,14B,V4,1,0,0,1,1,1,1,2,F-Test for Variance,Mood Variance Test|Levene Test,,,,,n/a,,0
68,Distribution Compliance Test,hard,14B,V4,1,0,0,1,1,0,4,3,Shapiro-Wilk Test of Normality|Anderson-Darling Test|Kolmogorov-Smirnov Test for Normality|Lilliefors Test,Anderson-Darling Test|Kolmogorov-Smirnov Test for Normality|Lilliefors Test,,,,,n/a,,0
69,Distribution Compliance Test,hard,14B,V4,1,0,0,1,1,0,4,3,Shapiro-Wilk Test of Normality|Anderson-Darling Test|Kolmogorov-Smirnov Test for Normality|Lilliefors Test,Anderson-Darling Test|Kolmogorov-Smirnov Test for Normality|Lilliefors Test,,,,,n/a,,0
70,Variance Test,hard,14B,V4,1,1,1,1,0,0,2,2,Mood Variance Test|Levene Test,Mood Variance Test|Levene Test,,,,,n/a,,1
71,Distribution Compliance Test,hard,14B,V4,1,0,0,1,1,0,4,3,Shapiro-Wilk Test of Normality|Anderson-Darling Test|Kolmogorov-Smirnov Test for Normality|Lilliefors Test,Anderson-Darling Test|Kolmogorov-Smirnov Test for Normality|Lilliefors Test,,,,,n/a,,0
72,Variance Test,easy,14B,V4,1,0,0,1,0,1,3,4,Mood Variance Test|Levene Test|Bartlett Test,Mood Variance Test|Levene Test|Bartlett Test|F-Test for Variance,,,,,n/a,,0
73,Correlation Analysis,easy,14B,V4,1,0,0,1,1,0,4,3,Pearson Correlation Coefficient|Spearman Correlation Coefficient|Kendall Correlation Coefficient|Partial Correlation Coefficient,Pearson Correlation Coefficient|Spearman Correlation Coefficient|Kendall Correlation Coefficient,,,,,n/a,,0
74,Contingency Table Test,hard,14B,V4,1,1,1,1,0,0,1,1,Chi-square Independence Test,Chi-square Independence Test,,,,,n/a,,0
75,Contingency Table Test,easy,14B,V4,1,0,0,1,1,1,1,1,Contingency Table Test,Mantel-Haenszel Test,,,,,n/a,,0
76,Contingency Table Test,easy,14B,V4,1,0,0,1,1,1,1,1,Contingency Table Test,Mantel-Haenszel Test,,,,,n/a,,0
77,Distribution Compliance Test,easy,14B,V4,1,1,1,1,0,0,1,1,Kolmogorov-Smirnov Test,Kolmogorov-Smirnov Test,,,,,n/a,,0
78,Contingency Table Test,easy,14B,V4,1,1,1,1,0,0,2,2,Chi-square Independence Test|Fisher Exact Test,Chi-square Independence Test|Fisher Exact Test,,,,,n/a,,0
79,Distribution Compliance Test,easy,14B,V4,1,1,1,1,0,0,1,1,Kolmogorov-Smirnov Test,Kolmogorov-Smirnov Test,,,,,n/a,,0
80,Distribution Compliance Test,hard,14B,V4,1,0,0,1,1,1,3,3,Descriptive Statistics|Kolmogorov-Smirnov Test|Kolmogorov-Smirnov Test for Uniform distribution,Anderson-Darling Test|Kolmogorov-Smirnov Test for Normality|Lilliefors Test,,,,,n/a,,0
81,Contingency Table Test,hard,14B,V4,1,1,1,1,0,0,1,1,Chi-square Independence Test,Chi-square Independence Test,,,,,n/a,,1
82,Variance Test,hard,14B,V4,1,1,1,1,0,0,2,2,Mood Variance Test|Levene Test,Mood Variance Test|Levene Test,,,,,n/a,,1
83,Contingency Table Test,easy,14B,V4,1,0,0,1,1,1,1,2,Contingency Table Test,Chi-square Independence Test|Fisher Exact Test,,,,,n/a,,1
84,Variance Test,hard,14B,V4,1,0,1,0,0,0,2,2,Mood Variance Test|Levene Test,Mood Variance Test|Levene Test,,,,,n/a,,1
85,Contingency Table Test,hard,14B,V4,1,1,1,1,0,0,1,1,Chi-square Independence Test,Chi-square Independence Test,,,,,n/a,,1
86,Variance Test,hard,14B,V4,1,1,1,1,0,0,2,2,Levene Test|Mood Variance Test,Mood Variance Test|Levene Test,,,,,n/a,,1
87,Distribution Compliance Test,hard,14B,V4,1,0,0,1,1,0,4,3,Shapiro-Wilk Test of Normality|Anderson-Darling Test|Kolmogorov-Smirnov Test for Normality|Lilliefors Test,Anderson-Darling Test|Kolmogorov-Smirnov Test for Normality|Lilliefors Test,,,,,n/a,,0
88,Correlation Analysis,easy,14B,V4,1,0,0,1,0,1,2,3,Spearman Correlation Coefficient|Kendall Correlation Coefficient,Pearson Correlation Coefficient|Spearman Correlation Coefficient|Kendall Correlation Coefficient,,,,,n/a,,1
89,Correlation Analysis,easy,14B,V4,1,1,1,1,0,0,1,1,Partial Correlation Coefficient,Partial Correlation Coefficient,,,,,n/a,,0
90,Correlation Analysis,easy,14B,V4,1,0,0,1,0,1,1,3,Pearson Correlation Coefficient,Pearson Correlation Coefficient|Spearman Correlation Coefficient|Kendall Correlation Coefficient,,,,,n/a,,0
91,Contingency Table Test,hard,14B,V4,1,1,1,1,0,0,1,1,Chi-square Independence Test,Chi-square Independence Test,,,,,n/a,,0
92,Contingency Table Test,hard,14B,V4,1,0,0,1,1,0,2,1,Chi-square Independence Test|Fisher Exact Test,Chi-square Independence Test,,,,,n/a,,0
93,Variance Test,hard,14B,V4,1,1,1,1,0,0,2,2,Mood Variance Test|Levene Test,Mood Variance Test|Levene Test,,,,,n/a,,1
94,Contingency Table Test,hard,14B,V4,1,1,1,1,0,0,1,1,Chi-square Independence Test,Chi-square Independence Test,,,,,n/a,,0
95,Contingency Table Test,hard,14B,V4,1,0,0,1,1,0,2,1,Chi-square Independence Test|Fisher Exact Test,Chi-square Independence Test,,,,,n/a,,0
96,Variance Test,hard,14B,V4,1,1,1,1,0,0,2,2,Mood Variance Test|Levene Test,Mood Variance Test|Levene Test,,,,,n/a,,1
97,Contingency Table Test,hard,14B,V4,1,1,1,1,0,0,1,1,Chi-square Independence Test,Chi-square Independence Test,,,,,n/a,,1
98,Distribution Compliance Test,hard,14B,V4,1,0,0,1,1,0,4,3,Shapiro-Wilk Test of Normality|Anderson-Darling Test|Kolmogorov-Smirnov Test for Normality|Lilliefors Test,Anderson-Darling Test|Kolmogorov-Smirnov Test for Normality|Lilliefors Test,,,,,n/a,,0
99,Correlation Analysis,hard,14B,V4,1,0,0,1,1,0,3,1,Pearson Correlation Coefficient|Spearman Correlation Coefficient|Kendall Correlation Coefficient,Kendall Correlation Coefficient,,,,,n/a,,0
100,Distribution Compliance Test,hard,14B,V4,1,0,0,1,1,0,4,3,Anderson-Darling Test|Shapiro-Wilk Test of Normality|Kolmogorov-Smirnov Test for Normality|Lilliefors Test,Anderson-Darling Test|Kolmogorov-Smirnov Test for Normality|Lilliefors Test,,,,,n/a,,0
101,Contingency Table Test,hard,14B,V4,1,1,1,1,0,0,1,1,Chi-square Independence Test,Chi-square Independence Test,,,,,n/a,,1
102,Distribution Compliance Test,easy,14B,V4,1,1,1,1,0,0,1,1,Kolmogorov-Smirnov Test,Kolmogorov-Smirnov Test,,,,,n/a,,0
103,Distribution Compliance Test,easy,14B,V4,1,1,1,1,0,0,1,1,Kolmogorov-Smirnov Test,Kolmogorov-Smirnov Test,,,,,n/a,,0
104,Contingency Table Test,hard,14B,V4,1,0,0,1,1,0,2,1,Chi-square Independence Test|Fisher Exact Test,Chi-square Independence Test,,,,,n/a,,0
105,Variance Test,hard,14B,V4,1,1,1,1,0,0,2,2,Mood Variance Test|Levene Test,Mood Variance Test|Levene Test,,,,,n/a,,1
106,Distribution Compliance Test,hard,14B,V4,1,0,0,1,1,0,4,3,Shapiro-Wilk Test of Normality|Anderson-Darling Test|Kolmogorov-Smirnov Test for Normality|Lilliefors Test,Anderson-Darling Test|Kolmogorov-Smirnov Test for Normality|Lilliefors Test,,,,,n/a,,0
107,Variance Test,hard,14B,V4,1,1,1,1,0,0,2,2,Mood Variance Test|Levene Test,Mood Variance Test|Levene Test,,,,,n/a,,1
108,Contingency Table Test,hard,14B,V4,1,0,0,1,1,0,2,1,Chi-square Independence Test|Fisher Exact Test,Chi-square Independence Test,,,,,n/a,,0
109,Distribution Compliance Test,easy,14B,V4,1,0,0,1,1,0,2,1,Kolmogorov-Smirnov Test|Anderson-Darling Test,Kolmogorov-Smirnov Test,,,,,n/a,,0
110,Variance Test,hard,14B,V4,1,1,1,1,0,0,2,2,Mood Variance Test|Levene Test,Mood Variance Test|Levene Test,,,,,n/a,,1
111,Contingency Table Test,hard,14B,V4,1,1,1,1,0,0,1,1,Chi-square Independence Test,Chi-square Independence Test,,,,,n/a,,0
112,Variance Test,hard,14B,V4,1,1,1,1,0,0,2,2,Levene Test|Mood Variance Test,Mood Variance Test|Levene Test,,,,,n/a,,1
113,Variance Test,hard,14B,V4,1,1,1,1,0,0,2,2,Mood Variance Test|Levene Test,Mood Variance Test|Levene Test,,,,,n/a,,1
114,Distribution Compliance Test,hard,14B,V4,1,0,0,1,1,0,4,3,Shapiro-Wilk Test of Normality|Anderson-Darling Test|Kolmogorov-Smirnov Test for Normality|Lilliefors Test,Anderson-Darling Test|Kolmogorov-Smirnov Test for Normality|Lilliefors Test,,,,,n/a,,0
115,Distribution Compliance Test,hard,14B,V4,1,0,0,1,1,1,1,3,Shapiro-Wilk Test of Normality,Anderson-Darling Test|Kolmogorov-Smirnov Test for Normality|Lilliefors Test,,,,,n/a,,0
116,Distribution Compliance Test,easy,14B,V4,1,1,1,1,0,0,1,1,Kolmogorov-Smirnov Test,Kolmogorov-Smirnov Test,,,,,n/a,,0
117,Variance Test,hard,14B,V4,1,0,0,1,0,1,1,2,Levene Test,Mood Variance Test|Levene Test,,,,,n/a,,1
118,Distribution Compliance Test,hard,14B,V4,1,0,0,1,1,0,4,3,Anderson-Darling Test|Shapiro-Wilk Test of Normality|Kolmogorov-Smirnov Test for Normality|Lilliefors Test,Anderson-Darling Test|Kolmogorov-Smirnov Test for Normality|Lilliefors Test,,,,,n/a,,0
119,Distribution Compliance Test,hard,14B,V4,1,0,0,1,1,0,4,3,Anderson-Darling Test|Shapiro-Wilk Test of Normality|Kolmogorov-Smirnov Test for Normality|Lilliefors Test,Anderson-Darling Test|Kolmogorov-Smirnov Test for Normality|Lilliefors Test,,,,,n/a,,0
120,Contingency Table Test,easy,14B,V4,1,0,0,1,1,1,1,1,Chi-square Independence Test,Mantel-Haenszel Test,,,,,n/a,,0
121,Distribution Compliance Test,hard,14B,V4,1,0,0,1,1,0,4,3,Shapiro-Wilk Test of Normality|Anderson-Darling Test|Kolmogorov-Smirnov Test for Normality|Lilliefors Test,Anderson-Darling Test|Kolmogorov-Smirnov Test for Normality|Lilliefors Test,,,,,n/a,,0
122,Contingency Table Test,hard,14B,V4,1,1,1,1,0,0,1,1,Chi-square Independence Test,Chi-square Independence Test,,,,,n/a,,1
123,Contingency Table Test,hard,14B,V4,1,1,1,1,0,0,1,1,Chi-square Independence Test,Chi-square Independence Test,,,,,n/a,,0
124,Contingency Table Test,hard,14B,V4,1,0,0,1,1,0,2,1,Chi-square Independence Test|Fisher Exact Test,Chi-square Independence Test,,,,,n/a,,0
125,Distribution Compliance Test,easy,14B,V4,1,0,0,1,1,1,2,1,Mood Variance Test|Levene Test,Kolmogorov-Smirnov Test,,,,,n/a,,1
126,Distribution Compliance Test,hard,14B,V4,1,0,0,1,1,0,4,3,Anderson-Darling Test|Shapiro-Wilk Test of Normality|Kolmogorov-Smirnov Test for Normality|Lilliefors Test,Anderson-Darling Test|Kolmogorov-Smirnov Test for Normality|Lilliefors Test,,,,,n/a,,0
127,Variance Test,hard,14B,V4,1,0,0,1,0,1,1,2,Levene Test,Mood Variance Test|Levene Test,,,,,n/a,,1
128,Contingency Table Test,hard,14B,V4,1,1,1,1,0,0,1,1,Chi-square Independence Test,Chi-square Independence Test,,,,,n/a,,1
129,Distribution Compliance Test,hard,14B,V4,1,0,0,1,1,0,4,3,Anderson-Darling Test|Shapiro-Wilk Test of Normality|Kolmogorov-Smirnov Test for Normality|Lilliefors Test,Anderson-Darling Test|Kolmogorov-Smirnov Test for Normality|Lilliefors Test,,,,,n/a,,0
130,Contingency Table Test,easy,14B,V4,1,0,0,1,0,1,1,2,Chi-square Independence Test,Chi-square Independence Test|Fisher Exact Test,,,,,n/a,,0
131,Distribution Compliance Test,hard,14B,V4,1,0,0,1,1,0,4,3,Shapiro-Wilk Test of Normality|Anderson-Darling Test|Kolmogorov-Smirnov Test for Normality|Lilliefors Test,Anderson-Darling Test|Kolmogorov-Smirnov Test for Normality|Lilliefors Test,,,,,n/a,,0
132,Variance Test,hard,14B,V4,1,1,1,1,0,0,2,2,Mood Variance Test|Levene Test,Mood Variance Test|Levene Test,,,,,n/a,,1
133,Distribution Compliance Test,hard,14B,V4,1,0,0,1,1,1,2,3,Shapiro-Wilk Test of Normality|Anderson-Darling Test,Anderson-Darling Test|Kolmogorov-Smirnov Test for Normality|Lilliefors Test,,,,,n/a,,0
134,Distribution Compliance Test,hard,14B,V4,1,0,0,1,1,0,4,3,Shapiro-Wilk Test of Normality|Anderson-Darling Test|Kolmogorov-Smirnov Test for Normality|Lilliefors Test,Anderson-Darling Test|Kolmogorov-Smirnov Test for Normality|Lilliefors Test,,,,,n/a,,0
135,Distribution Compliance Test,hard,14B,V4,1,0,0,1,1,0,4,3,Shapiro-Wilk Test of Normality|Anderson-Darling Test|Kolmogorov-Smirnov Test for Normality|Lilliefors Test,Anderson-Darling Test|Kolmogorov-Smirnov Test for Normality|Lilliefors Test,,,,,n/a,,0
136,Distribution Compliance Test,hard,14B,V4,1,0,0,0,1,1,7,3,Shapiro-Wilk Test of Normality|Anderson-Darling Test|Mean|Median|Standard Deviation|Skewness|Kurtosis,Anderson-Darling Test|Kolmogorov-Smirnov Test for Normality|Lilliefors Test,,,,,n/a,,0
137,Variance Test,hard,14B,V4,1,1,1,1,0,0,2,2,Mood Variance Test|Levene Test,Mood Variance Test|Levene Test,,,,,n/a,,1
138,Variance Test,hard,14B,V4,1,0,0,1,0,1,1,2,Levene Test,Mood Variance Test|Levene Test,,,,,n/a,,1
139,Contingency Table Test,hard,14B,V4,1,0,0,1,1,0,2,1,Chi-square Independence Test|Fisher Exact Test,Chi-square Independence Test,,,,,n/a,,0
140,Distribution Compliance Test,hard,14B,V4,1,0,0,1,1,0,4,3,Shapiro-Wilk Test of Normality|Anderson-Darling Test|Kolmogorov-Smirnov Test for Normality|Lilliefors Test,Anderson-Darling Test|Kolmogorov-Smirnov Test for Normality|Lilliefors Test,,,,,n/a,,0
141,Distribution Compliance Test,hard,14B,V4,1,1,1,1,0,0,3,3,Shapiro-Wilk Test of Normality|Anderson-Darling Test|Kolmogorov-Smirnov Test for Normality,Anderson-Darling Test|Shapiro-Wilk Test of Normality|Kolmogorov-Smirnov Test for Normality,,,,,n/a,,0
142,Variance Test,hard,14B,V4,1,1,1,1,0,0,2,2,Mood Variance Test|Levene Test,Mood Variance Test|Levene Test,,,,,n/a,,1
143,Distribution Compliance Test,hard,14B,V4,1,0,0,1,1,0,4,3,Shapiro-Wilk Test of Normality|Anderson-Darling Test|Kolmogorov-Smirnov Test for Normality|Lilliefors Test,Anderson-Darling Test|Kolmogorov-Smirnov Test for Normality|Lilliefors Test,,,,,n/a,,0
144,Distribution Compliance Test,hard,14B,V4,1,0,0,1,1,0,4,3,Anderson-Darling Test|Shapiro-Wilk Test of Normality|Kolmogorov-Smirnov Test for Normality|Lilliefors Test,Anderson-Darling Test|Kolmogorov-Smirnov Test for Normality|Lilliefors Test,,,,,n/a,,0
145,Contingency Table Test,hard,14B,V4,1,0,0,1,1,0,2,1,Chi-square Independence Test|Fisher Exact Test,Chi-square Independence Test,,,,,n/a,,0
146,Correlation Analysis,easy,14B,V4,1,1,1,1,0,0,1,1,Partial Correlation Coefficient,Partial Correlation Coefficient,,,,,n/a,,0
147,Distribution Compliance Test,hard,14B,V4,1,0,0,1,0,1,1,3,Shapiro-Wilk Test of Normality,Anderson-Darling Test|Shapiro-Wilk Test of Normality|Kolmogorov-Smirnov Test for Normality,,,,,n/a,,1
148,Contingency Table Test,hard,14B,V4,1,0,0,1,1,0,2,1,Chi-square Independence Test|Fisher Exact Test,Chi-square Independence Test,,,,,n/a,,0
149,Distribution Compliance Test,hard,14B,V4,1,0,0,1,1,0,4,3,Anderson-Darling Test|Shapiro-Wilk Test of Normality|Kolmogorov-Smirnov Test for Normality|Lilliefors Test,Anderson-Darling Test|Kolmogorov-Smirnov Test for Normality|Lilliefors Test,,,,,n/a,,0
150,Distribution Compliance Test,hard,14B,V4,1,0,0,1,1,0,4,3,Anderson-Darling Test|Shapiro-Wilk Test of Normality|Kolmogorov-Smirnov Test for Normality|Lilliefors Test,Anderson-Darling Test|Kolmogorov-Smirnov Test for Normality|Lilliefors Test,,,,,n/a,,0
151,Variance Test,hard,14B,V4,1,1,1,1,0,0,2,2,Mood Variance Test|Levene Test,Mood Variance Test|Levene Test,,,,,n/a,,1
152,Variance Test,hard,14B,V4,1,1,1,1,0,0,2,2,Mood Variance Test|Levene Test,Mood Variance Test|Levene Test,,,,,n/a,,1
153,Distribution Compliance Test,hard,14B,V4,1,0,0,1,1,0,4,3,Shapiro-Wilk Test of Normality|Anderson-Darling Test|Kolmogorov-Smirnov Test for Normality|Lilliefors Test,Anderson-Darling Test|Kolmogorov-Smirnov Test for Normality|Lilliefors Test,,,,,n/a,,0
154,Variance Test,hard,14B,V4,1,0,0,1,0,1,1,2,Levene Test,Mood Variance Test|Levene Test,,,,,n/a,,0
155,Variance Test,hard,14B,V4,1,1,1,1,0,0,2,2,Mood Variance Test|Levene Test,Mood Variance Test|Levene Test,,,,,n/a,,1
156,Distribution Compliance Test,hard,14B,V4,1,0,0,1,1,0,4,3,Shapiro-Wilk Test of Normality|Anderson-Darling Test|Kolmogorov-Smirnov Test for Normality|Lilliefors Test,Anderson-Darling Test|Kolmogorov-Smirnov Test for Normality|Lilliefors Test,,,,,n/a,,0
157,Correlation Analysis,hard,14B,V4,1,0,0,1,1,1,1,1,Pearson Correlation Coefficient,Kendall Correlation Coefficient,,,,,n/a,,0
158,Distribution Compliance Test,hard,14B,V4,1,0,0,1,1,0,9,3,Mean|Median|Standard Deviation|Skewness|Kurtosis|Anderson-Darling Test|Shapiro-Wilk Test of Normality|Kolmogorov-Smirnov Test for Normality|Lilliefors Test,Anderson-Darling Test|Kolmogorov-Smirnov Test for Normality|Lilliefors Test,,,,,n/a,,0
159,Contingency Table Test,hard,14B,V4,1,1,1,1,0,0,1,1,Chi-square Independence Test,Chi-square Independence Test,,,,,n/a,,1
160,Distribution Compliance Test,hard,14B,V4,1,0,0,1,1,0,4,3,Shapiro-Wilk Test of Normality|Anderson-Darling Test|Kolmogorov-Smirnov Test for Normality|Lilliefors Test,Anderson-Darling Test|Kolmogorov-Smirnov Test for Normality|Lilliefors Test,,,,,n/a,,0
161,Variance Test,hard,14B,V4,1,1,1,1,0,0,2,2,Levene Test|Mood Variance Test,Mood Variance Test|Levene Test,,,,,n/a,,1
162,Distribution Compliance Test,hard,14B,V4,1,0,0,1,1,0,4,3,Shapiro-Wilk Test of Normality|Anderson-Darling Test|Kolmogorov-Smirnov Test for Normality|Lilliefors Test,Anderson-Darling Test|Kolmogorov-Smirnov Test for Normality|Lilliefors Test,,,,,n/a,,0
163,Distribution Compliance Test,hard,14B,V4,1,0,0,1,1,0,4,3,Shapiro-Wilk Test of Normality|Anderson-Darling Test|Kolmogorov-Smirnov Test for Normality|Lilliefors Test,Anderson-Darling Test|Shapiro-Wilk Test of Normality|Kolmogorov-Smirnov Test for Normality,,,,,n/a,,0
164,Variance Test,hard,14B,V4,1,1,1,1,0,0,2,2,Mood Variance Test|Levene Test,Mood Variance Test|Levene Test,,,,,n/a,,1
165,Distribution Compliance Test,hard,14B,V4,1,0,0,1,1,0,4,3,Shapiro-Wilk Test of Normality|Anderson-Darling Test|Kolmogorov-Smirnov Test for Normality|Lilliefors Test,Anderson-Darling Test|Kolmogorov-Smirnov Test for Normality|Lilliefors Test,,,,,n/a,,0
166,Contingency Table Test,hard,14B,V4,1,1,1,1,0,0,1,1,Chi-square Independence Test,Chi-square Independence Test,,,,,n/a,,0
167,Distribution Compliance Test,hard,14B,V4,1,0,0,1,1,1,2,3,Shapiro-Wilk Test of Normality|Anderson-Darling Test,Anderson-Darling Test|Kolmogorov-Smirnov Test for Normality|Lilliefors Test,,,,,n/a,,1
168,Distribution Compliance Test,easy,14B,V4,1,1,1,1,0,0,1,1,Kolmogorov-Smirnov Test,Kolmogorov-Smirnov Test,,,,,n/a,,0
169,Distribution Compliance Test,easy,14B,V4,1,0,0,1,1,0,2,1,Kolmogorov-Smirnov Test|Anderson-Darling Test,Kolmogorov-Smirnov Test,,,,,n/a,,0
170,Variance Test,hard,14B,V4,1,1,1,1,0,0,2,2,Mood Variance Test|Levene Test,Mood Variance Test|Levene Test,,,,,n/a,,1
171,Contingency Table Test,hard,14B,V4,1,0,0,1,1,0,2,1,Chi-square Independence Test|Fisher Exact Test,Chi-square Independence Test,,,,,n/a,,0
172,Distribution Compliance Test,hard,14B,V4,1,0,0,1,1,0,4,3,Shapiro-Wilk Test of Normality|Anderson-Darling Test|Kolmogorov-Smirnov Test for Normality|Lilliefors Test,Anderson-Darling Test|Kolmogorov-Smirnov Test for Normality|Lilliefors Test,,,,,n/a,,0
173,Correlation Analysis,easy,14B,V4,1,1,1,1,0,0,3,3,Pearson Correlation Coefficient|Spearman Correlation Coefficient|Kendall Correlation Coefficient,Pearson Correlation Coefficient|Spearman Correlation Coefficient|Kendall Correlation Coefficient,,,,,n/a,,0
174,Contingency Table Test,easy,14B,V4,1,0,0,0,0,1,1,2,Chi-square Independence Test,Chi-square Independence Test|Fisher Exact Test,,,,,n/a,,1
175,Variance Test,hard,14B,V4,1,1,1,1,0,0,2,2,Levene Test|Mood Variance Test,Mood Variance Test|Levene Test,,,,,n/a,,1
176,Contingency Table Test,easy,14B,V4,1,1,1,1,0,0,2,2,Chi-square Independence Test|Fisher Exact Test,Chi-square Independence Test|Fisher Exact Test,,,,,n/a,,1
177,Variance Test,hard,14B,V4,1,0,0,1,0,1,1,2,Levene Test,Mood Variance Test|Levene Test,,,,,n/a,,0
178,Contingency Table Test,hard,14B,V4,1,1,1,1,0,0,1,1,Chi-square Independence Test,Chi-square Independence Test,,,,,n/a,,0
179,Distribution Compliance Test,easy,14B,V4,1,1,1,1,0,0,1,1,Kolmogorov-Smirnov Test,Kolmogorov-Smirnov Test,,,,,n/a,,0
180,Distribution Compliance Test,easy,14B,V4,1,1,1,1,0,0,1,1,Kolmogorov-Smirnov Test,Kolmogorov-Smirnov Test,,,,,n/a,,0
181,Distribution Compliance Test,easy,14B,V4,1,0,0,1,1,0,3,1,Anderson-Darling Test|Kolmogorov-Smirnov Test|Shapiro-Wilk Test of Normality,Kolmogorov-Smirnov Test,,,,,n/a,,0
182,Correlation Analysis,easy,14B,V4,1,0,0,1,0,1,1,3,Pearson Correlation Coefficient,Pearson Correlation Coefficient|Spearman Correlation Coefficient|Kendall Correlation Coefficient,,,,,n/a,,0
183,Correlation Analysis,hard,14B,V4,1,0,0,1,1,1,1,1,Pearson Correlation Coefficient,Kendall Correlation Coefficient,,,,,n/a,,0
184,Variance Test,easy,14B,V4,1,0,0,1,0,1,2,4,Mood Variance Test|Levene Test,Mood Variance Test|Levene Test|Bartlett Test|F-Test for Variance,,,,,n/a,,1
185,Distribution Compliance Test,hard,14B,V4,1,0,0,1,1,0,4,3,Shapiro-Wilk Test of Normality|Anderson-Darling Test|Kolmogorov-Smirnov Test for Normality|Lilliefors Test,Anderson-Darling Test|Kolmogorov-Smirnov Test for Normality|Lilliefors Test,,,,,n/a,,0
186,Contingency Table Test,hard,14B,V4,1,0,0,1,1,0,2,1,Chi-square Independence Test|Fisher Exact Test,Chi-square Independence Test,,,,,n/a,,0
187,Contingency Table Test,hard,14B,V4,1,1,1,1,0,0,1,1,Chi-square Independence Test,Chi-square Independence Test,,,,,n/a,,1
188,Contingency Table Test,easy,14B,V4,1,1,1,1,0,0,2,2,Chi-square Independence Test|Fisher Exact Test,Chi-square Independence Test|Fisher Exact Test,,,,,n/a,,0
189,Variance Test,hard,14B,V4,1,1,1,1,0,0,2,2,Mood Variance Test|Levene Test,Mood Variance Test|Levene Test,,,,,n/a,,1
190,Variance Test,hard,14B,V4,1,1,1,1,0,0,2,2,Mood Variance Test|Levene Test,Mood Variance Test|Levene Test,,,,,n/a,,1
191,Variance Test,hard,14B,V4,1,1,1,1,0,0,2,2,Mood Variance Test|Levene Test,Mood Variance Test|Levene Test,,,,,n/a,,1
192,Correlation Analysis,easy,14B,V4,1,0,0,1,0,1,1,3,Pearson Correlation Coefficient,Pearson Correlation Coefficient|Spearman Correlation Coefficient|Kendall Correlation Coefficient,,,,,n/a,,0
193,Variance Test,hard,14B,V4,1,1,1,1,0,0,2,2,Mood Variance Test|Levene Test,Mood Variance Test|Levene Test,,,,,n/a,,1
194,Contingency Table Test,hard,14B,V4,1,1,1,1,0,0,1,1,Chi-square Independence Test,Chi-square Independence Test,,,,,n/a,,1
195,Distribution Compliance Test,easy,14B,V4,1,0,0,1,1,1,4,1,Anderson-Darling Test|Shapiro-Wilk Test of Normality|Kolmogorov-Smirnov Test for Normality|Lilliefors Test,Kolmogorov-Smirnov Test,,,,,n/a,,0
196,Contingency Table Test,hard,14B,V4,1,1,1,1,0,0,1,1,Chi-square Independence Test,Chi-square Independence Test,,,,,n/a,,0
197,Variance Test,easy,14B,V4,1,0,0,1,1,1,2,4,Descriptive Statistics|Variance Test,Mood Variance Test|Levene Test|Bartlett Test|F-Test for Variance,,,,,n/a,,0
198,Variance Test,hard,14B,V4,1,1,1,1,0,0,2,2,Mood Variance Test|Levene Test,Mood Variance Test|Levene Test,,,,,n/a,,1
199,Distribution Compliance Test,hard,14B,V4,1,0,0,1,1,1,3,3,Shapiro-Wilk Test of Normality|Anderson-Darling Test|Kolmogorov-Smirnov Test for Normality,Anderson-Darling Test|Kolmogorov-Smirnov Test for Normality|Lilliefors Test,,,,,n/a,,0
200,Variance Test,hard,14B,V4,1,0,0,1,1,1,1,2,F-Test for Variance,Mood Variance Test|Levene Test,,,,,n/a,,0
201,Variance Test,hard,14B,V4,1,1,1,1,0,0,2,2,Mood Variance Test|Levene Test,Mood Variance Test|Levene Test,,,,,n/a,,1
202,Distribution Compliance Test,easy,14B,V4,1,0,0,1,1,0,3,1,Kolmogorov-Smirnov Test|Anderson-Darling Test|Shapiro-Wilk Test of Normality,Kolmogorov-Smirnov Test,,,,,n/a,,0
203,Variance Test,hard,14B,V4,1,1,1,1,0,0,2,2,Mood Variance Test|Levene Test,Mood Variance Test|Levene Test,,,,,n/a,,1
204,Correlation Analysis,hard,14B,V4,1,0,0,1,1,1,1,1,Pearson Correlation Coefficient,Kendall Correlation Coefficient,,,,,n/a,,0
205,Distribution Compliance Test,easy,14B,V4,1,0,0,1,1,0,2,1,Kolmogorov-Smirnov Test|Anderson-Darling Test,Kolmogorov-Smirnov Test,,,,,n/a,,0
206,Variance Test,hard,14B,V4,1,1,1,1,0,0,2,2,Mood Variance Test|Levene Test,Mood Variance Test|Levene Test,,,,,n/a,,1
207,Variance Test,hard,14B,V4,1,1,1,1,0,0,2,2,Mood Variance Test|Levene Test,Mood Variance Test|Levene Test,,,,,n/a,,1
208,Distribution Compliance Test,hard,14B,V4,1,0,0,1,1,0,4,3,Anderson-Darling Test|Shapiro-Wilk Test of Normality|Kolmogorov-Smirnov Test for Normality|Lilliefors Test,Anderson-Darling Test|Kolmogorov-Smirnov Test for Normality|Lilliefors Test,,,,,n/a,,0
209,Variance Test,easy,14B,V4,1,0,0,1,0,1,3,4,Levene Test|Bartlett Test|F-Test for Variance,Mood Variance Test|Levene Test|Bartlett Test|F-Test for Variance,,,,,n/a,,0
210,Distribution Compliance Test,hard,14B,V4,1,0,0,1,1,0,4,3,Shapiro-Wilk Test of Normality|Anderson-Darling Test|Kolmogorov-Smirnov Test for Normality|Lilliefors Test,Anderson-Darling Test|Kolmogorov-Smirnov Test for Normality|Lilliefors Test,,,,,n/a,,0
211,Variance Test,hard,14B,V4,1,1,1,1,0,0,2,2,Mood Variance Test|Levene Test,Mood Variance Test|Levene Test,,,,,n/a,,1
212,Contingency Table Test,hard,14B,V4,1,0,0,1,1,1,1,1,Chi-square Independence Test,Fisher Exact Test,,,,,n/a,,0
213,Distribution Compliance Test,hard,14B,V4,1,0,0,1,1,0,4,3,Shapiro-Wilk Test of Normality|Anderson-Darling Test|Kolmogorov-Smirnov Test for Normality|Lilliefors Test,Anderson-Darling Test|Kolmogorov-Smirnov Test for Normality|Lilliefors Test,,,,,n/a,,0
214,Distribution Compliance Test,hard,14B,V4,1,0,0,1,1,1,3,3,Shapiro-Wilk Test of Normality|Anderson-Darling Test|Kolmogorov-Smirnov Test for Normality,Anderson-Darling Test|Kolmogorov-Smirnov Test for Normality|Lilliefors Test,,,,,n/a,,0
215,Variance Test,hard,14B,V4,1,1,1,1,0,0,2,2,Mood Variance Test|Levene Test,Mood Variance Test|Levene Test,,,,,n/a,,1
216,Variance Test,hard,14B,V4,1,1,1,1,0,0,2,2,Mood Variance Test|Levene Test,Mood Variance Test|Levene Test,,,,,n/a,,1
217,Distribution Compliance Test,hard,14B,V4,1,0,0,1,1,1,1,3,Shapiro-Wilk Test of Normality,Anderson-Darling Test|Kolmogorov-Smirnov Test for Normality|Lilliefors Test,,,,,n/a,,0
218,Distribution Compliance Test,hard,14B,V4,1,0,0,1,1,0,4,3,Shapiro-Wilk Test of Normality|Anderson-Darling Test|Kolmogorov-Smirnov Test for Normality|Lilliefors Test,Anderson-Darling Test|Kolmogorov-Smirnov Test for Normality|Lilliefors Test,,,,,n/a,,0
219,Distribution Compliance Test,hard,14B,V4,1,0,0,1,1,0,4,3,Shapiro-Wilk Test of Normality|Anderson-Darling Test|Kolmogorov-Smirnov Test for Normality|Lilliefors Test,Anderson-Darling Test|Shapiro-Wilk Test of Normality|Kolmogorov-Smirnov Test for Normality,,,,,n/a,,0
220,Variance Test,hard,14B,V4,1,1,1,1,0,0,2,2,Mood Variance Test|Levene Test,Mood Variance Test|Levene Test,,,,,n/a,,1
221,Correlation Analysis,easy,14B,V4,1,0,0,1,0,1,1,3,Pearson Correlation Coefficient,Pearson Correlation Coefficient|Spearman Correlation Coefficient|Kendall Correlation Coefficient,,,,,n/a,,0
222,Distribution Compliance Test,hard,14B,V4,1,0,0,1,1,0,4,3,Shapiro-Wilk Test of Normality|Anderson-Darling Test|Kolmogorov-Smirnov Test for Normality|Lilliefors Test,Anderson-Darling Test|Kolmogorov-Smirnov Test for Normality|Lilliefors Test,,,,,n/a,,0
223,Distribution Compliance Test,hard,14B,V4,1,0,0,1,1,0,4,3,Shapiro-Wilk Test of Normality|Anderson-Darling Test|Kolmogorov-Smirnov Test for Normality|Lilliefors Test,Anderson-Darling Test|Kolmogorov-Smirnov Test for Normality|Lilliefors Test,,,,,n/a,,0
224,Contingency Table Test,hard,14B,V4,1,0,0,1,1,0,2,1,Chi-square Independence Test|Fisher Exact Test,Chi-square Independence Test,,,,,n/a,,0
225,Contingency Table Test,hard,14B,V4,1,1,1,1,0,0,1,1,Chi-square Independence Test,Chi-square Independence Test,,,,,n/a,,0
226,Distribution Compliance Test,hard,14B,V4,1,0,0,1,1,1,3,3,Descriptive Statistics|Shapiro-Wilk Test of Normality|Kolmogorov-Smirnov Test for Normality,Anderson-Darling Test|Kolmogorov-Smirnov Test for Normality|Lilliefors Test,,,,,n/a,,0
227,Correlation Analysis,easy,14B,V4,1,0,0,1,0,1,2,3,Spearman Correlation Coefficient|Kendall Correlation Coefficient,Pearson Correlation Coefficient|Spearman Correlation Coefficient|Kendall Correlation Coefficient,,,,,n/a,,1
228,Distribution Compliance Test,hard,14B,V4,1,0,0,1,1,0,4,3,Shapiro-Wilk Test of Normality|Anderson-Darling Test|Kolmogorov-Smirnov Test for Normality|Lilliefors Test,Anderson-Darling Test|Shapiro-Wilk Test of Normality|Kolmogorov-Smirnov Test for Normality,,,,,n/a,,0
229,Contingency Table Test,easy,14B,V4,1,1,1,1,0,0,2,2,Chi-square Independence Test|Fisher Exact Test,Chi-square Independence Test|Fisher Exact Test,,,,,n/a,,0
230,Variance Test,hard,14B,V4,1,1,1,1,0,0,2,2,Mood Variance Test|Levene Test,Mood Variance Test|Levene Test,,,,,n/a,,1
231,Distribution Compliance Test,hard,14B,V4,1,0,0,0,1,1,10,3,Mean|Median|Mode|Range|Quartile|Standard Deviation|Skewness|Kurtosis|Mood Variance Test|Levene Test,Anderson-Darling Test|Kolmogorov-Smirnov Test for Normality|Lilliefors Test,,,,,n/a,,1
232,Contingency Table Test,hard,14B,V4,1,1,1,1,0,0,1,1,Chi-square Independence Test,Chi-square Independence Test,,,,,n/a,,1
233,Contingency Table Test,hard,14B,V4,1,1,1,1,0,0,1,1,Chi-square Independence Test,Chi-square Independence Test,,,,,n/a,,1
234,Variance Test,hard,14B,V4,1,1,1,1,0,0,2,2,Levene Test|Mood Variance Test,Mood Variance Test|Levene Test,,,,,n/a,,1
235,Variance Test,hard,14B,V4,1,0,0,1,1,0,4,2,Mood Variance Test|Levene Test|Bartlett Test|F-Test for Variance,Mood Variance Test|Levene Test,,,,,n/a,,0
236,Distribution Compliance Test,hard,14B,V4,1,0,0,1,1,0,4,3,Shapiro-Wilk Test of Normality|Anderson-Darling Test|Kolmogorov-Smirnov Test for Normality|Lilliefors Test,Anderson-Darling Test|Kolmogorov-Smirnov Test for Normality|Lilliefors Test,,,,,n/a,,0
237,Variance Test,hard,14B,V4,1,1,1,1,0,0,2,2,Mood Variance Test|Levene Test,Mood Variance Test|Levene Test,,,,,n/a,,1
238,Variance Test,hard,14B,V4,1,1,1,1,0,0,2,2,Mood Variance Test|Levene Test,Mood Variance Test|Levene Test,,,,,n/a,,1
239,Variance Test,hard,14B,V4,1,0,0,1,1,1,1,2,F-Test for Variance,Mood Variance Test|Levene Test,,,,,n/a,,0
240,Distribution Compliance Test,hard,14B,V4,1,0,0,1,1,0,4,3,Shapiro-Wilk Test of Normality|Anderson-Darling Test|Kolmogorov-Smirnov Test for Normality|Lilliefors Test,Anderson-Darling Test|Kolmogorov-Smirnov Test for Normality|Lilliefors Test,,,,,n/a,,0
241,Distribution Compliance Test,hard,14B,V4,1,0,0,1,1,0,4,3,Shapiro-Wilk Test of Normality|Anderson-Darling Test|Kolmogorov-Smirnov Test for Normality|Lilliefors Test,Anderson-Darling Test|Kolmogorov-Smirnov Test for Normality|Lilliefors Test,,,,,n/a,,0
242,Correlation Analysis,hard,14B,V4,1,0,0,1,1,1,1,1,Pearson Correlation Coefficient,Kendall Correlation Coefficient,,,,,n/a,,0
243,Variance Test,hard,14B,V4,1,0,0,1,1,0,3,2,Levene Test|Mood Variance Test|Bartlett Test,Mood Variance Test|Levene Test,,,,,n/a,,1
244,Contingency Table Test,hard,14B,V4,1,0,0,1,1,0,2,1,Chi-square Independence Test|Fisher Exact Test,Chi-square Independence Test,,,,,n/a,,0
245,Variance Test,hard,14B,V4,1,1,1,1,0,0,2,2,Mood Variance Test|Levene Test,Mood Variance Test|Levene Test,,,,,n/a,,1
246,Distribution Compliance Test,hard,14B,V4,1,0,0,1,1,0,4,3,Shapiro-Wilk Test of Normality|Anderson-Darling Test|Kolmogorov-Smirnov Test for Normality|Lilliefors Test,Anderson-Darling Test|Kolmogorov-Smirnov Test for Normality|Lilliefors Test,,,,,n/a,,0
247,Distribution Compliance Test,easy,14B,V4,1,1,1,1,0,0,1,1,Kolmogorov-Smirnov Test,Kolmogorov-Smirnov Test,,,,,n/a,,0
248,Variance Test,hard,14B,V4,1,1,1,1,0,0,2,2,Mood Variance Test|Levene Test,Mood Variance Test|Levene Test,,,,,n/a,,1
249,Correlation Analysis,hard,14B,V4,1,0,0,1,1,1,1,1,Pearson Correlation Coefficient,Kendall Correlation Coefficient,,,,,n/a,,0
250,Contingency Table Test,hard,14B,V4,1,0,0,1,1,0,2,1,Chi-square Independence Test|Fisher Exact Test,Fisher Exact Test,,,,,n/a,,0
251,Variance Test,hard,14B,V4,1,0,0,1,0,1,1,2,Levene Test,Mood Variance Test|Levene Test,,,,,n/a,,0
252,Distribution Compliance Test,hard,14B,V4,1,0,0,1,1,0,4,3,Shapiro-Wilk Test of Normality|Anderson-Darling Test|Kolmogorov-Smirnov Test for Normality|Lilliefors Test,Anderson-Darling Test|Kolmogorov-Smirnov Test for Normality|Lilliefors Test,,,,,n/a,,0
253,Distribution Compliance Test,hard,14B,V4,1,0,0,1,1,0,4,3,Anderson-Darling Test|Shapiro-Wilk Test of Normality|Kolmogorov-Smirnov Test for Normality|Lilliefors Test,Anderson-Darling Test|Kolmogorov-Smirnov Test for Normality|Lilliefors Test,,,,,n/a,,0
254,Distribution Compliance Test,easy,14B,V4,1,1,1,1,0,0,1,1,Kolmogorov-Smirnov Test,Kolmogorov-Smirnov Test,,,,,n/a,,0
255,Descriptive Statistics,easy,14B,V4,1,0,0,1,1,0,4,1,Quartile|Mean|Median|Standard Deviation,Quartile,,,,,n/a,,0
256,Correlation Analysis,easy,14B,V4,1,0,0,1,0,1,2,3,Pearson Correlation Coefficient|Spearman Correlation Coefficient,Pearson Correlation Coefficient|Spearman Correlation Coefficient|Kendall Correlation Coefficient,,,,,n/a,,0
257,Contingency Table Test,easy,14B,V4,1,0,0,1,0,1,1,2,Chi-square Independence Test,Chi-square Independence Test|Fisher Exact Test,,,,,n/a,,1
258,Contingency Table Test,hard,14B,V4,1,1,1,1,0,0,1,1,Chi-square Independence Test,Chi-square Independence Test,,,,,n/a,,1
259,Distribution Compliance Test,hard,14B,V4,1,0,0,1,1,0,4,3,Shapiro-Wilk Test of Normality|Anderson-Darling Test|Kolmogorov-Smirnov Test for Normality|Lilliefors Test,Anderson-Darling Test|Kolmogorov-Smirnov Test for Normality|Lilliefors Test,,,,,n/a,,0
260,Distribution Compliance Test,hard,14B,V4,1,0,0,1,1,1,1,3,Shapiro-Wilk Test of Normality,Anderson-Darling Test|Kolmogorov-Smirnov Test for Normality|Lilliefors Test,,,,,n/a,,0
261,Distribution Compliance Test,hard,14B,V4,1,0,0,1,1,0,4,3,Shapiro-Wilk Test of Normality|Kolmogorov-Smirnov Test for Normality|Anderson-Darling Test|Lilliefors Test,Anderson-Darling Test|Shapiro-Wilk Test of Normality|Kolmogorov-Smirnov Test for Normality,,,,,n/a,,0
262,Variance Test,hard,14B,V4,1,1,1,1,0,0,2,2,Mood Variance Test|Levene Test,Mood Variance Test|Levene Test,,,,,n/a,,1
263,Distribution Compliance Test,hard,14B,V4,1,0,0,1,1,0,4,3,Shapiro-Wilk Test of Normality|Anderson-Darling Test|Kolmogorov-Smirnov Test for Normality|Lilliefors Test,Anderson-Darling Test|Kolmogorov-Smirnov Test for Normality|Lilliefors Test,,,,,n/a,,0
264,Contingency Table Test,hard,14B,V4,1,1,1,1,0,0,1,1,Chi-square Independence Test,Chi-square Independence Test,,,,,n/a,,1
265,Descriptive Statistics,easy,14B,V4,1,1,1,1,0,0,1,1,Quartile,Quartile,,,,,n/a,,0
266,Variance Test,hard,14B,V4,1,1,1,1,0,0,2,2,Mood Variance Test|Levene Test,Mood Variance Test|Levene Test,,,,,n/a,,1
267,Contingency Table Test,hard,14B,V4,1,1,1,1,0,0,1,1,Chi-square Independence Test,Chi-square Independence Test,,,,,n/a,,0
268,Variance Test,hard,14B,V4,1,1,1,1,0,0,2,2,Mood Variance Test|Levene Test,Mood Variance Test|Levene Test,,,,,n/a,,1
269,Distribution Compliance Test,hard,14B,V4,1,0,0,1,1,1,3,3,Shapiro-Wilk Test of Normality|Anderson-Darling Test|Kolmogorov-Smirnov Test for Normality,Anderson-Darling Test|Kolmogorov-Smirnov Test for Normality|Lilliefors Test,,,,,n/a,,0
270,Variance Test,hard,14B,V4,1,1,1,1,0,0,2,2,Mood Variance Test|Levene Test,Mood Variance Test|Levene Test,,,,,n/a,,1
271,Distribution Compliance Test,hard,14B,V4,1,0,0,1,1,0,4,3,Shapiro-Wilk Test of Normality|Anderson-Darling Test|Kolmogorov-Smirnov Test for Normality|Lilliefors Test,Anderson-Darling Test|Shapiro-Wilk Test of Normality|Kolmogorov-Smirnov Test for Normality,,,,,n/a,,0
272,Distribution Compliance Test,hard,14B,V4,1,0,0,1,1,0,4,3,Shapiro-Wilk Test of Normality|Anderson-Darling Test|Kolmogorov-Smirnov Test for Normality|Lilliefors Test,Anderson-Darling Test|Shapiro-Wilk Test of Normality|Kolmogorov-Smirnov Test for Normality,,,,,n/a,,0
273,Variance Test,hard,14B,V4,1,0,0,1,1,1,1,2,F-Test for Variance,Mood Variance Test|Levene Test,,,,,n/a,,0
274,Distribution Compliance Test,hard,14B,V4,1,0,0,1,1,1,2,3,Descriptive Statistics|Distribution Compliance Test,Anderson-Darling Test|Kolmogorov-Smirnov Test for Normality|Lilliefors Test,,,,,n/a,,0
275,Descriptive Statistics,easy,14B,V4,1,0,0,1,1,0,4,1,Skewness|Mean|Median|Standard Deviation,Skewness,,,,,n/a,,0
276,Contingency Table Test,hard,14B,V4,1,0,0,1,1,0,2,1,Chi-square Independence Test|Fisher Exact Test,Chi-square Independence Test,,,,,n/a,,0
277,Correlation Analysis,hard,14B,V4,1,0,0,1,1,0,3,1,Pearson Correlation Coefficient|Spearman Correlation Coefficient|Kendall Correlation Coefficient,Kendall Correlation Coefficient,,,,,n/a,,0
278,Variance Test,hard,14B,V4,1,1,1,1,0,0,2,2,Mood Variance Test|Levene Test,Mood Variance Test|Levene Test,,,,,n/a,,1
279,Distribution Compliance Test,hard,14B,V4,1,0,0,1,1,0,4,3,Shapiro-Wilk Test of Normality|Anderson-Darling Test|Kolmogorov-Smirnov Test for Normality|Lilliefors Test,Anderson-Darling Test|Kolmogorov-Smirnov Test for Normality|Lilliefors Test,,,,,n/a,,0
280,Distribution Compliance Test,hard,14B,V4,1,0,0,1,1,1,3,3,Shapiro-Wilk Test of Normality|Anderson-Darling Test|Kolmogorov-Smirnov Test for Normality,Anderson-Darling Test|Kolmogorov-Smirnov Test for Normality|Lilliefors Test,,,,,n/a,,0
281,Contingency Table Test,hard,14B,V4,1,1,1,1,0,0,1,1,Chi-square Independence Test,Chi-square Independence Test,,,,,n/a,,1
282,Contingency Table Test,hard,14B,V4,1,1,1,1,0,0,1,1,Chi-square Independence Test,Chi-square Independence Test,,,,,n/a,,0
283,Distribution Compliance Test,hard,14B,V4,1,0,0,1,1,1,3,3,Anderson-Darling Test|Shapiro-Wilk Test of Normality|Lilliefors Test,Anderson-Darling Test|Kolmogorov-Smirnov Test for Normality|Lilliefors Test,,,,,n/a,,1
284,Contingency Table Test,hard,14B,V4,1,0,0,1,1,0,2,1,Chi-square Independence Test|Fisher Exact Test,Chi-square Independence Test,,,,,n/a,,0
285,Distribution Compliance Test,hard,14B,V4,1,0,0,1,1,1,3,3,Shapiro-Wilk Test of Normality|Anderson-Darling Test|Kolmogorov-Smirnov Test for Normality,Anderson-Darling Test|Kolmogorov-Smirnov Test for Normality|Lilliefors Test,,,,,n/a,,0
286,Variance Test,hard,14B,V4,1,1,1,1,0,0,2,2,Mood Variance Test|Levene Test,Mood Variance Test|Levene Test,,,,,n/a,,1
287,Variance Test,hard,14B,V4,1,1,1,1,0,0,2,2,Mood Variance Test|Levene Test,Mood Variance Test|Levene Test,,,,,n/a,,1
288,Correlation Analysis,hard,14B,V4,1,0,0,1,1,1,1,1,Pearson Correlation Coefficient,Kendall Correlation Coefficient,,,,,n/a,,0
289,Contingency Table Test,easy,14B,V4,1,1,1,1,0,0,2,2,Chi-square Independence Test|Fisher Exact Test,Chi-square Independence Test|Fisher Exact Test,,,,,n/a,,0
290,Variance Test,hard,14B,V4,1,0,0,1,0,1,1,2,Levene Test,Mood Variance Test|Levene Test,,,,,n/a,,1
291,Correlation Analysis,hard,14B,V4,1,0,0,1,1,1,2,1,Pearson Correlation Coefficient|Spearman Correlation Coefficient,Kendall Correlation Coefficient,,,,,n/a,,0
292,Variance Test,hard,14B,V4,1,1,1,1,0,0,2,2,Mood Variance Test|Levene Test,Mood Variance Test|Levene Test,,,,,n/a,,1
293,Correlation Analysis,easy,14B,V4,1,1,1,1,0,0,1,1,Partial Correlation Coefficient,Partial Correlation Coefficient,,,,,n/a,,0
294,Variance Test,hard,14B,V4,1,1,1,1,0,0,2,2,Mood Variance Test|Levene Test,Mood Variance Test|Levene Test,,,,,n/a,,1
295,Variance Test,hard,14B,V4,1,1,1,1,0,0,2,2,Mood Variance Test|Levene Test,Mood Variance Test|Levene Test,,,,,n/a,,1
296,Contingency Table Test,hard,14B,V4,1,0,0,1,1,0,2,1,Chi-square Independence Test|Fisher Exact Test,Chi-square Independence Test,,,,,n/a,,0
297,Distribution Compliance Test,hard,14B,V4,1,1,1,1,0,0,3,3,Anderson-Darling Test|Kolmogorov-Smirnov Test for Normality|Lilliefors Test,Anderson-Darling Test|Kolmogorov-Smirnov Test for Normality|Lilliefors Test,,,,,n/a,,1
298,Variance Test,easy,14B,V4,1,0,0,0,0,1,2,4,Mood Variance Test|Levene Test,Mood Variance Test|Levene Test|Bartlett Test|F-Test for Variance,,,,,n/a,,1
299,Contingency Table Test,hard,14B,V4,1,0,0,0,1,0,2,1,Chi-square Independence Test|Fisher Exact Test,Chi-square Independence Test,,,,,n/a,,0
300,Distribution Compliance Test,hard,14B,V4,1,0,0,1,1,0,4,3,Shapiro-Wilk Test of Normality|Anderson-Darling Test|Kolmogorov-Smirnov Test for Normality|Lilliefors Test,Anderson-Darling Test|Shapiro-Wilk Test of Normality|Kolmogorov-Smirnov Test for Normality,,,,,n/a,,0
301,Distribution Compliance Test,hard,14B,V4,1,0,0,1,1,1,3,3,Shapiro-Wilk Test of Normality|Anderson-Darling Test|Lilliefors Test,Anderson-Darling Test|Kolmogorov-Smirnov Test for Normality|Lilliefors Test,,,,,n/a,,1
302,Variance Test,hard,14B,V4,1,0,0,1,1,1,2,2,Levene Test|Bartlett Test,Mood Variance Test|Levene Test,,,,,n/a,,1
303,Distribution Compliance Test,easy,14B,V4,1,1,1,1,0,0,1,1,Kolmogorov-Smirnov Test,Kolmogorov-Smirnov Test,,,,,n/a,,0
304,Correlation Analysis,easy,14B,V4,1,0,0,1,1,1,2,1,Spearman Correlation Coefficient|Kendall Correlation Coefficient,Partial Correlation Coefficient,,,,,n/a,,0
305,Variance Test,hard,14B,V4,1,1,1,1,0,0,2,2,Mood Variance Test|Levene Test,Mood Variance Test|Levene Test,,,,,n/a,,1
306,Contingency Table Test,easy,14B,V4,1,0,0,1,0,1,1,2,Chi-square Independence Test,Chi-square Independence Test|Fisher Exact Test,,,,,n/a,,1
307,Variance Test,hard,14B,V4,1,1,1,1,0,0,2,2,Mood Variance Test|Levene Test,Mood Variance Test|Levene Test,,,,,n/a,,1
308,Variance Test,easy,14B,V4,1,0,0,1,0,1,1,4,F-Test for Variance,Mood Variance Test|Levene Test|Bartlett Test|F-Test for Variance,,,,,n/a,,0
309,Distribution Compliance Test,hard,14B,V4,1,0,0,1,1,0,4,3,Shapiro-Wilk Test of Normality|Anderson-Darling Test|Kolmogorov-Smirnov Test for Normality|Lilliefors Test,Anderson-Darling Test|Kolmogorov-Smirnov Test for Normality|Lilliefors Test,,,,,n/a,,0
310,Distribution Compliance Test,easy,14B,V4,1,0,0,1,1,0,2,1,Kolmogorov-Smirnov Test|Anderson-Darling Test,Kolmogorov-Smirnov Test,,,,,n/a,,0
311,Variance Test,hard,14B,V4,1,1,1,1,0,0,2,2,Mood Variance Test|Levene Test,Mood Variance Test|Levene Test,,,,,n/a,,1
312,Variance Test,hard,14B,V4,1,0,0,1,0,1,1,2,Levene Test,Mood Variance Test|Levene Test,,,,,n/a,,1
313,Distribution Compliance Test,hard,14B,V4,1,0,0,1,1,0,4,3,Shapiro-Wilk Test of Normality|Anderson-Darling Test|Kolmogorov-Smirnov Test for Normality|Lilliefors Test,Anderson-Darling Test|Kolmogorov-Smirnov Test for Normality|Lilliefors Test,,,,,n/a,,0
314,Contingency Table Test,hard,14B,V4,1,0,0,1,1,1,1,1,Chi-square Independence Test,Fisher Exact Test,,,,,n/a,,1
315,Distribution Compliance Test,easy,14B,V4,1,0,0,1,1,0,2,1,Kolmogorov-Smirnov Test|Anderson-Darling Test,Kolmogorov-Smirnov Test,,,,,n/a,,0
316,Variance Test,hard,14B,V4,1,1,1,1,0,0,2,2,Mood Variance Test|Levene Test,Mood Variance Test|Levene Test,,,,,n/a,,1
317,Descriptive Statistics,easy,14B,V4,1,0,0,1,1,0,2,1,Variance|Standard Deviation,Standard Deviation,,,,,n/a,,0
318,Distribution Compliance Test,hard,14B,V4,1,0,0,1,1,0,4,3,Shapiro-Wilk Test of Normality|Anderson-Darling Test|Kolmogorov-Smirnov Test for Normality|Lilliefors Test,Anderson-Darling Test|Kolmogorov-Smirnov Test for Normality|Lilliefors Test,,,,,n/a,,0
319,Correlation Analysis,easy,14B,V4,1,0,0,1,0,1,1,3,Pearson Correlation Coefficient,Pearson Correlation Coefficient|Spearman Correlation Coefficient|Kendall Correlation Coefficient,,,,,n/a,,0
320,Distribution Compliance Test,hard,14B,V4,1,0,0,1,1,0,4,3,Anderson-Darling Test|Shapiro-Wilk Test of Normality|Kolmogorov-Smirnov Test for Normality|Lilliefors Test,Anderson-Darling Test|Kolmogorov-Smirnov Test for Normality|Lilliefors Test,,,,,n/a,,0
321,Correlation Analysis,easy,14B,V4,1,0,0,1,1,0,2,1,Pearson Correlation Coefficient|Partial Correlation Coefficient,Partial Correlation Coefficient,,,,,n/a,,0
322,Variance Test,hard,14B,V4,1,0,0,1,1,1,3,2,Levene Test|Bartlett Test|F-Test for Variance,Mood Variance Test|Levene Test,,,,,n/a,,0
323,Variance Test,hard,14B,V4,1,1,1,1,0,0,2,2,Mood Variance Test|Levene Test,Mood Variance Test|Levene Test,,,,,n/a,,1
324,Correlation Analysis,hard,14B,V4,1,0,0,1,1,0,3,1,Pearson Correlation Coefficient|Spearman Correlation Coefficient|Kendall Correlation Coefficient,Kendall Correlation Coefficient,,,,,n/a,,0
325,Variance Test,hard,14B,V4,1,1,1,1,0,0,2,2,Mood Variance Test|Levene Test,Mood Variance Test|Levene Test,,,,,n/a,,1
326,Variance Test,hard,14B,V4,1,1,1,1,0,0,2,2,Mood Variance Test|Levene Test,Mood Variance Test|Levene Test,,,,,n/a,,1
327,Distribution Compliance Test,hard,14B,V4,1,0,0,1,1,0,4,3,Shapiro-Wilk Test of Normality|Anderson-Darling Test|Kolmogorov-Smirnov Test for Normality|Lilliefors Test,Anderson-Darling Test|Kolmogorov-Smirnov Test for Normality|Lilliefors Test,,,,,n/a,,0
328,Variance Test,hard,14B,V4,1,1,1,1,0,0,2,2,Mood Variance Test|Levene Test,Mood Variance Test|Levene Test,,,,,n/a,,1
329,Distribution Compliance Test,hard,14B,V4,1,0,0,1,1,0,9,3,Mean|Median|Standard Deviation|Skewness|Kurtosis|Anderson-Darling Test|Shapiro-Wilk Test of Normality|Kolmogorov-Smirnov Test for Normality|Lilliefors Test,Anderson-Darling Test|Kolmogorov-Smirnov Test for Normality|Lilliefors Test,,,,,n/a,,0
330,Distribution Compliance Test,hard,14B,V4,1,0,0,1,1,1,1,3,Shapiro-Wilk Test of Normality,Anderson-Darling Test|Kolmogorov-Smirnov Test for Normality|Lilliefors Test,,,,,n/a,,0
331,Variance Test,hard,14B,V4,1,1,1,1,0,0,2,2,Mood Variance Test|Levene Test,Mood Variance Test|Levene Test,,,,,n/a,,1
332,Variance Test,hard,14B,V4,1,0,0,1,0,1,1,2,Levene Test,Mood Variance Test|Levene Test,,,,,n/a,,1
333,Variance Test,hard,14B,V4,1,1,1,1,0,0,2,2,Mood Variance Test|Levene Test,Mood Variance Test|Levene Test,,,,,n/a,,1
334,Contingency Table Test,hard,14B,V4,1,0,0,1,1,0,2,1,Chi-square Independence Test|Fisher Exact Test,Fisher Exact Test,,,,,n/a,,0
335,Variance Test,hard,14B,V4,1,1,1,1,0,0,2,2,Mood Variance Test|Levene Test,Mood Variance Test|Levene Test,,,,,n/a,,1
336,Contingency Table Test,hard,14B,V4,1,1,1,1,0,0,1,1,Chi-square Independence Test,Chi-square Independence Test,,,,,n/a,,0
337,Distribution Compliance Test,hard,14B,V4,1,0,0,1,1,0,4,3,Anderson-Darling Test|Shapiro-Wilk Test of Normality|Kolmogorov-Smirnov Test for Normality|Lilliefors Test,Anderson-Darling Test|Shapiro-Wilk Test of Normality|Kolmogorov-Smirnov Test for Normality,,,,,n/a,,1
338,Distribution Compliance Test,easy,14B,V4,1,0,0,1,1,0,2,1,Kolmogorov-Smirnov Test|Anderson-Darling Test,Kolmogorov-Smirnov Test,,,,,n/a,,0
339,Contingency Table Test,easy,14B,V4,1,0,0,1,0,1,1,2,Chi-square Independence Test,Chi-square Independence Test|Fisher Exact Test,,,,,n/a,,0
340,Distribution Compliance Test,hard,14B,V4,1,0,0,1,1,0,4,3,Shapiro-Wilk Test of Normality|Anderson-Darling Test|Kolmogorov-Smirnov Test for Normality|Lilliefors Test,Anderson-Darling Test|Kolmogorov-Smirnov Test for Normality|Lilliefors Test,,,,,n/a,,0
341,Distribution Compliance Test,hard,14B,V4,1,0,0,1,1,0,4,3,Shapiro-Wilk Test of Normality|Anderson-Darling Test|Kolmogorov-Smirnov Test for Normality|Lilliefors Test,Anderson-Darling Test|Kolmogorov-Smirnov Test for Normality|Lilliefors Test,,,,,n/a,,0
342,Contingency Table Test,hard,14B,V4,1,0,0,1,1,0,2,1,Chi-square Independence Test|Fisher Exact Test,Chi-square Independence Test,,,,,n/a,,0
343,Variance Test,hard,14B,V4,1,1,1,1,0,0,2,2,Mood Variance Test|Levene Test,Mood Variance Test|Levene Test,,,,,n/a,,1
344,Distribution Compliance Test,hard,14B,V4,1,0,0,1,1,0,4,3,Shapiro-Wilk Test of Normality|Anderson-Darling Test|Kolmogorov-Smirnov Test for Normality|Lilliefors Test,Anderson-Darling Test|Shapiro-Wilk Test of Normality|Kolmogorov-Smirnov Test for Normality,,,,,n/a,,0
345,Contingency Table Test,hard,14B,V4,1,1,1,1,0,0,1,1,Chi-square Independence Test,Chi-square Independence Test,,,,,n/a,,1
346,Variance Test,hard,14B,V4,1,1,1,1,0,0,2,2,Mood Variance Test|Levene Test,Mood Variance Test|Levene Test,,,,,n/a,,1
347,Distribution Compliance Test,hard,14B,V4,1,0,0,1,1,1,3,3,Shapiro-Wilk Test of Normality|Anderson-Darling Test|Lilliefors Test,Anderson-Darling Test|Kolmogorov-Smirnov Test for Normality|Lilliefors Test,,,,,n/a,,1
348,Distribution Compliance Test,hard,14B,V4,1,0,0,1,1,0,4,3,Shapiro-Wilk Test of Normality|Anderson-Darling Test|Kolmogorov-Smirnov Test for Normality|Lilliefors Test,Anderson-Darling Test|Kolmogorov-Smirnov Test for Normality|Lilliefors Test,,,,,n/a,,0
349,Distribution Compliance Test,hard,14B,V4,1,0,0,1,1,0,4,3,Shapiro-Wilk Test of Normality|Anderson-Darling Test|Kolmogorov-Smirnov Test for Normality|Lilliefors Test,Anderson-Darling Test|Kolmogorov-Smirnov Test for Normality|Lilliefors Test,,,,,n/a,,0
350,Variance Test,easy,14B,V4,1,0,0,1,0,1,1,4,Levene Test,Mood Variance Test|Levene Test|Bartlett Test|F-Test for Variance,,,,,n/a,,1
351,Contingency Table Test,hard,14B,V4,1,0,0,1,1,0,2,1,Chi-square Independence Test|Fisher Exact Test,Fisher Exact Test,,,,,n/a,,0
352,Descriptive Statistics,easy,14B,V4,1,0,0,1,1,1,2,1,Standard Deviation|Variance,Range,,,,,n/a,,0
353,Contingency Table Test,hard,14B,V4,1,1,1,1,0,0,1,1,Chi-square Independence Test,Chi-square Independence Test,,,,,n/a,,1
354,Variance Test,hard,14B,V4,1,1,1,1,0,0,2,2,Levene Test|Mood Variance Test,Mood Variance Test|Levene Test,,,,,n/a,,1
355,Correlation Analysis,easy,14B,V4,1,0,0,1,0,1,1,3,Pearson Correlation Coefficient,Pearson Correlation Coefficient|Spearman Correlation Coefficient|Kendall Correlation Coefficient,,,,,n/a,,0
356,Distribution Compliance Test,easy,14B,V4,1,1,1,1,0,0,1,1,Kolmogorov-Smirnov Test,Kolmogorov-Smirnov Test,,,,,n/a,,0
357,Correlation Analysis,easy,14B,V4,1,0,0,1,0,1,1,3,Pearson Correlation Coefficient,Pearson Correlation Coefficient|Spearman Correlation Coefficient|Kendall Correlation Coefficient,,,,,n/a,,0
358,Distribution Compliance Test,easy,14B,V4,1,1,1,1,0,0,1,1,Kolmogorov-Smirnov Test,Kolmogorov-Smirnov Test,,,,,n/a,,0
359,Variance Test,hard,14B,V4,1,1,1,1,0,0,2,2,Mood Variance Test|Levene Test,Mood Variance Test|Levene Test,,,,,n/a,,1
360,Contingency Table Test,easy,14B,V4,1,1,1,1,0,0,2,2,Chi-square Independence Test|Fisher Exact Test,Chi-square Independence Test|Fisher Exact Test,,,,,n/a,,0
361,Correlation Analysis,easy,14B,V4,1,0,0,1,0,1,1,3,Pearson Correlation Coefficient,Pearson Correlation Coefficient|Spearman Correlation Coefficient|Kendall Correlation Coefficient,,,,,n/a,,0
362,Distribution Compliance Test,hard,14B,V4,1,0,0,1,1,0,4,3,Shapiro-Wilk Test of Normality|Anderson-Darling Test|Kolmogorov-Smirnov Test for Normality|Lilliefors Test,Anderson-Darling Test|Kolmogorov-Smirnov Test for Normality|Lilliefors Test,,,,,n/a,,0
363,Variance Test,hard,14B,V4,1,1,1,1,0,0,2,2,Mood Variance Test|Levene Test,Mood Variance Test|Levene Test,,,,,n/a,,1
364,Variance Test,hard,14B,V4,1,0,0,1,0,1,1,2,Levene Test,Mood Variance Test|Levene Test,,,,,n/a,,1
365,Contingency Table Test,easy,14B,V4,1,0,0,1,0,1,1,2,Chi-square Independence Test,Chi-square Independence Test|Fisher Exact Test,,,,,n/a,,0
366,Correlation Analysis,easy,14B,V4,1,0,0,1,0,1,1,3,Pearson Correlation Coefficient,Pearson Correlation Coefficient|Spearman Correlation Coefficient|Kendall Correlation Coefficient,,,,,n/a,,0
367,Distribution Compliance Test,hard,14B,V4,1,0,0,0,0,1,2,3,Shapiro-Wilk Test of Normality|Anderson-Darling Test,Anderson-Darling Test|Shapiro-Wilk Test of Normality|Kolmogorov-Smirnov Test for Normality,,,,,n/a,,0
368,Distribution Compliance Test,hard,14B,V4,1,0,0,1,1,1,3,3,Shapiro-Wilk Test of Normality|Anderson-Darling Test|Kolmogorov-Smirnov Test for Normality,Anderson-Darling Test|Kolmogorov-Smirnov Test for Normality|Lilliefors Test,,,,,n/a,,0
369,Variance Test,hard,14B,V4,1,1,1,1,0,0,2,2,Mood Variance Test|Levene Test,Mood Variance Test|Levene Test,,,,,n/a,,1
370,Contingency Table Test,easy,14B,V4,1,0,0,1,0,1,1,2,Chi-square Independence Test,Chi-square Independence Test|Fisher Exact Test,,,,,n/a,,0
371,Distribution Compliance Test,hard,14B,V4,1,0,0,1,1,0,4,3,Shapiro-Wilk Test of Normality|Anderson-Darling Test|Kolmogorov-Smirnov Test for Normality|Lilliefors Test,Anderson-Darling Test|Shapiro-Wilk Test of Normality|Kolmogorov-Smirnov Test for Normality,,,,,n/a,,0
372,Distribution Compliance Test,hard,14B,V4,1,0,0,1,1,0,4,3,Shapiro-Wilk Test of Normality|Anderson-Darling Test|Kolmogorov-Smirnov Test for Normality|Lilliefors Test,Anderson-Darling Test|Kolmogorov-Smirnov Test for Normality|Lilliefors Test,,,,,n/a,,0
373,Descriptive Statistics,easy,14B,V4,1,0,0,1,1,0,12,1,Mean|Median|Mode|Range|Quartile|Standard Deviation|Skewness|Kurtosis|Anderson-Darling Test|Shapiro-Wilk Test of Normality|Kolmogorov-Smirnov Test for Normality|Lilliefors Test,Kurtosis,,,,,n/a,,0
374,Contingency Table Test,easy,14B,V4,1,0,0,1,0,1,1,2,Chi-square Independence Test,Chi-square Independence Test|Fisher Exact Test,,,,,n/a,,0
375,Distribution Compliance Test,hard,14B,V4,1,0,0,0,1,1,5,3,Mean|Median|Standard Deviation|F-Test for Variance|Pearson Correlation Coefficient,Anderson-Darling Test|Kolmogorov-Smirnov Test for Normality|Lilliefors Test,,,,,n/a,,0
376,Distribution Compliance Test,easy,14B,V4,1,0,0,1,1,0,2,1,Kolmogorov-Smirnov Test|Anderson-Darling Test,Kolmogorov-Smirnov Test,,,,,n/a,,0
377,Variance Test,hard,14B,V4,1,1,1,1,0,0,2,2,Mood Variance Test|Levene Test,Mood Variance Test|Levene Test,,,,,n/a,,1
378,Distribution Compliance Test,easy,14B,V4,1,0,0,1,1,0,2,1,Kolmogorov-Smirnov Test|Anderson-Darling Test,Kolmogorov-Smirnov Test,,,,,n/a,,0
379,Contingency Table Test,hard,14B,V4,1,1,1,1,0,0,1,1,Chi-square Independence Test,Chi-square Independence Test,,,,,n/a,,1
380,Distribution Compliance Test,hard,14B,V4,1,0,0,1,1,0,4,3,Shapiro-Wilk Test of Normality|Anderson-Darling Test|Kolmogorov-Smirnov Test for Normality|Lilliefors Test,Anderson-Darling Test|Kolmogorov-Smirnov Test for Normality|Lilliefors Test,,,,,n/a,,0
381,Distribution Compliance Test,hard,14B,V4,1,0,0,1,1,0,4,3,Shapiro-Wilk Test of Normality|Anderson-Darling Test|Kolmogorov-Smirnov Test for Normality|Lilliefors Test,Anderson-Darling Test|Kolmogorov-Smirnov Test for Normality|Lilliefors Test,,,,,n/a,,0
382,Distribution Compliance Test,hard,14B,V4,1,0,0,1,1,1,3,3,Shapiro-Wilk Test of Normality|Anderson-Darling Test|Kolmogorov-Smirnov Test for Normality,Anderson-Darling Test|Kolmogorov-Smirnov Test for Normality|Lilliefors Test,,,,,n/a,,0
383,Variance Test,hard,14B,V4,1,1,1,1,0,0,2,2,Mood Variance Test|Levene Test,Mood Variance Test|Levene Test,,,,,n/a,,1
384,Variance Test,hard,14B,V4,1,1,1,1,0,0,2,2,Mood Variance Test|Levene Test,Mood Variance Test|Levene Test,,,,,n/a,,1
385,Contingency Table Test,hard,14B,V4,1,1,1,1,0,0,1,1,Chi-square Independence Test,Chi-square Independence Test,,,,,n/a,,0
386,Variance Test,hard,14B,V4,1,1,1,1,0,0,2,2,Mood Variance Test|Levene Test,Mood Variance Test|Levene Test,,,,,n/a,,1
387,Contingency Table Test,hard,14B,V4,1,1,1,1,0,0,1,1,Chi-square Independence Test,Chi-square Independence Test,,,,,n/a,,0
388,Correlation Analysis,easy,14B,V4,1,0,0,1,0,1,2,3,Spearman Correlation Coefficient|Kendall Correlation Coefficient,Pearson Correlation Coefficient|Spearman Correlation Coefficient|Kendall Correlation Coefficient,,,,,n/a,,0
389,Distribution Compliance Test,hard,14B,V4,1,0,0,1,0,1,1,3,Shapiro-Wilk Test of Normality,Anderson-Darling Test|Shapiro-Wilk Test of Normality|Kolmogorov-Smirnov Test for Normality,,,,,n/a,,1
390,Contingency Table Test,easy,14B,V4,1,1,1,1,0,0,2,2,Chi-square Independence Test|Fisher Exact Test,Chi-square Independence Test|Fisher Exact Test,,,,,n/a,,0
391,Distribution Compliance Test,hard,14B,V4,1,0,0,1,1,0,4,3,Anderson-Darling Test|Shapiro-Wilk Test of Normality|Kolmogorov-Smirnov Test for Normality|Lilliefors Test,Anderson-Darling Test|Kolmogorov-Smirnov Test for Normality|Lilliefors Test,,,,,n/a,,0
392,Contingency Table Test,easy,14B,V4,1,0,0,1,0,1,1,2,Chi-square Independence Test,Chi-square Independence Test|Fisher Exact Test,,,,,n/a,,1
393,Distribution Compliance Test,hard,14B,V4,1,0,0,1,1,0,4,3,Anderson-Darling Test|Shapiro-Wilk Test of Normality|Kolmogorov-Smirnov Test for Normality|Lilliefors Test,Anderson-Darling Test|Shapiro-Wilk Test of Normality|Kolmogorov-Smirnov Test for Normality,,,,,n/a,,0
394,Distribution Compliance Test,hard,14B,V4,1,0,0,1,1,0,4,3,Shapiro-Wilk Test of Normality|Anderson-Darling Test|Kolmogorov-Smirnov Test for Normality|Lilliefors Test,Anderson-Darling Test|Kolmogorov-Smirnov Test for Normality|Lilliefors Test,,,,,n/a,,0
395,Distribution Compliance Test,hard,14B,V4,1,0,0,1,0,1,2,3,Shapiro-Wilk Test of Normality|Anderson-Darling Test,Anderson-Darling Test|Shapiro-Wilk Test of Normality|Kolmogorov-Smirnov Test for Normality,,,,,n/a,,0
396,Distribution Compliance Test,hard,14B,V4,1,0,0,1,1,1,2,3,Shapiro-Wilk Test of Normality|Anderson-Darling Test,Anderson-Darling Test|Kolmogorov-Smirnov Test for Normality|Lilliefors Test,,,,,n/a,,1
397,Variance Test,hard,14B,V4,1,1,1,1,0,0,2,2,Mood Variance Test|Levene Test,Mood Variance Test|Levene Test,,,,,n/a,,1
