row_id,task,question,gt_methods,pred_methods,auto_label_clarity,auto_verdicts,HUMAN_label_clarity[fully_labeled/partially_labeled/narrative_only],HUMAN_notes,model_output
148,Contingency Table Test,Are there any indications of a connection between smoking habits (SMOKE) and weight classification (NObeyesdad)?,Chi-square Independence Test,Chi-square Independence Test|Fisher Exact Test,fully_labeled,Chi-square Independence Test=include|Fisher Exact Test=include|Mantel-Haenszel Test=exclude,,,"1. The variables involved are SMOKE (categorical) and NObeyesdad (categorical).
2. The statistical task type is to determine if there is a connection between two categorical variables.
3. The appropriate method category is Contingency Table Test.
4. 
- Chi-square Independence Test: INCLUDE
- Fisher Exact Test: INCLUDE
- Mantel-Haenszel Test: EXCLUDE

5. Self-check: The methods marked INCLUDE are Chi-square Independence Test and Fisher Exact Test. Mantel-Haenszel Test is excluded because it is not suitable for this type of analysis involving two categorical variables without a stratification variable.

FINAL ANSWER (JSON): {""columns"": [""SMOKE"", ""NObeyesdad""], ""methods"": [""Chi-square Independence Test"", ""Fisher Exact Test""]}"
389,Distribution Compliance Test,Is the annual crop production in Myanmar normally distributed?,Anderson-Darling Test|Shapiro-Wilk Test of Normality|Kolmogorov-Smirnov Test for Normality,Anderson-Darling Test|Shapiro-Wilk Test of Normality|Kolmogorov-Smirnov Test for Normality|Lilliefors Test,fully_labeled,Anderson-Darling Test=include|Shapiro-Wilk Test of Normality=include|Kolmogorov-Smirnov Test for Normality=include|Kolmogorov-Smirnov Test=include|Lilliefors Test=include|Kolmogorov-Smirnov Test for Uniform distribution=exclude|Kolmogorov-Smirnov Test for Gamma distribution=exclude|Kolmogorov-Smirnov Test for Exponential distribution=exclude,,,"1. The variable involved is 'Myanmar', which is a quantitative variable.
2. The statistical task type is to test if the data is normally distributed.
3. The appropriate method category is 'Distribution Compliance Test'.
4. 
Anderson-Darling Test: INCLUDE
Shapiro-Wilk Test of Normality: INCLUDE
Kolmogorov-Smirnov Test for Normality: INCLUDE
Lilliefors Test: INCLUDE
Kolmogorov-Smirnov Test: EXCLUDE
Kolmogorov-Smirnov Test for Uniform distribution: EXCLUDE
Kolmogorov-Smirnov Test for Gamma distribution: EXCLUDE
Kolmogorov-Smirnov Test for Exponential distribution: EXCLUDE

5. Self-check:
- Anderson-Darling Test: INCLUDE
- Shapiro-Wilk Test of Normality: INCLUDE
- Kolmogorov-Smirnov Test for Normality: INCLUDE
- Lilliefors Test: INCLUDE

6. FINAL ANSWER (JSON):
{""columns"": [""Myanmar""], ""methods"": [""Anderson-Darling Test"", ""Shapiro-Wilk Test of Normality"", ""Kolmogorov-Smirnov Test for Normality"", ""Lilliefors Test""]}"
350,Variance Test,Do the variances in annual crop production in Thailand and China demonstrate statistical similarity?,Mood Variance Test|Levene Test|Bartlett Test|F-Test for Variance,Mood Variance Test|Levene Test|Bartlett Test|F-Test for Variance,fully_labeled,Mood Variance Test=include|Levene Test=include|Bartlett Test=include|F-Test for Variance=include,,,"1. Identify the variables involved.
   - Variables: Thailand, China

2. Determine the statistical task type.
   - Task Type: Variance Test

3. Select the appropriate method category.
   - Method Category: Variance Test

4. Evaluate the candidate methods.
   - Mood Variance Test: INCLUDE
   - Levene Test: INCLUDE
   - Bartlett Test: INCLUDE
   - F-Test for Variance: INCLUDE

5. Self-check: list only the methods marked INCLUDE in Step 4.
   - All methods marked INCLUDE are from the Variance Test category and are appropriate for comparing variances between two groups.

6. FINAL ANSWER (JSON):
{""columns"": [""Thailand"", ""China""], ""methods"": [""Mood Variance Test"", ""Levene Test"", ""Bartlett Test"", ""F-Test for Variance""]}"
52,Distribution Compliance Test,Do household income and the number of teenagers in the customer's household follow a similar distribution curve?,Kolmogorov-Smirnov Test,Anderson-Darling Test|Shapiro-Wilk Test of Normality|Kolmogorov-Smirnov Test for Normality|Lilliefors Test|Kolmogorov-Smirnov Test,fully_labeled,Anderson-Darling Test=include|Shapiro-Wilk Test of Normality=include|Kolmogorov-Smirnov Test for Normality=include|Kolmogorov-Smirnov Test=include|Lilliefors Test=include|Kolmogorov-Smirnov Test for Uniform distribution=exclude|Kolmogorov-Smirnov Test for Gamma distribution=exclude|Kolmogorov-Smirnov Test for Exponential distribution=exclude,,,"1. Identify the variables involved.
   - Household Income (Income)
   - Number of Teenagers (Teenhome)

2. Determine the statistical task type.
   - The task is to compare the distribution curves of two quantitative variables.

3. Select the appropriate method category.
   - Distribution Compliance Test

4. Evaluate the candidate methods.
   Anderson-Darling Test: INCLUDE
   Shapiro-Wilk Test of Normality: INCLUDE
   Kolmogorov-Smirnov Test for Normality: INCLUDE
   Lilliefors Test: INCLUDE
   Kolmogorov-Smirnov Test: INCLUDE
   Kolmogorov-Smirnov Test for Uniform distribution: EXCLUDE
   Kolmogorov-Smirnov Test for Gamma distribution: EXCLUDE
   Kolmogorov-Smirnov Test for Exponential distribution: EXCLUDE

5. Self-check:
   - Anderson-Darling Test: INCLUDE
   - Shapiro-Wilk Test of Normality: INCLUDE
   - Kolmogorov-Smirnov Test for Normality: INCLUDE
   - Lilliefors Test: INCLUDE
   - Kolmogorov-Smirnov Test: INCLUDE

6. FINAL ANSWER (JSON):
{""columns"": [""Income"", ""Teenhome""], ""methods"": [""Anderson-Darling Test"", ""Shapiro-Wilk Test of Normality"", ""Kolmogorov-Smirnov Test for Normality"", ""Lilliefors Test"", ""Kolmogorov-Smirnov Test""]}"
332,Variance Test,Is there a similar level of variability between workday alcohol consumption (Dalc) and weekend alcohol consumption (Walc)?,Mood Variance Test|Levene Test,Mood Variance Test|Levene Test|Bartlett Test|F-Test for Variance,fully_labeled,Mood Variance Test=include|Levene Test=include|Bartlett Test=include|F-Test for Variance=include,,,"1. Identify the variables involved: Dalc (workday alcohol consumption) and Walc (weekend alcohol consumption).
2. Determine the statistical task type: The task is to compare the variability between two quantitative variables.
3. Select the appropriate method category: Variance Test.
4. Evaluate the candidate methods:
   - Mood Variance Test: INCLUDE
   - Levene Test: INCLUDE
   - Bartlett Test: INCLUDE
   - F-Test for Variance: INCLUDE
5. Self-check: All methods marked INCLUDE in Step 4 are from the Variance Test category and are appropriate for comparing the variability between two quantitative variables. No contradictions are found.
6. FINAL ANSWER (JSON): {""columns"": [""Dalc"", ""Walc""], ""methods"": [""Mood Variance Test"", ""Levene Test"", ""Bartlett Test"", ""F-Test for Variance""]}"
377,Variance Test,Are the variances of the measured weight and the length of each exercise session homogeneous?,Mood Variance Test|Levene Test,Mood Variance Test|Levene Test|Bartlett Test|F-Test for Variance,fully_labeled,Mood Variance Test=include|Levene Test=include|Bartlett Test=include|F-Test for Variance=include,,,"1. Identify the variables involved.
   - Measured weight: Actual Weight
   - Length of each exercise session: Duration

2. Determine the statistical task type.
   - The task is to check if the variances of two quantitative variables are homogeneous.

3. Select the appropriate method category.
   - Variance Test

4. Evaluate the candidate methods.
   - Mood Variance Test: INCLUDE
   - Levene Test: INCLUDE
   - Bartlett Test: INCLUDE
   - F-Test for Variance: INCLUDE

5. Self-check: list only the methods marked INCLUDE in Step 4.
   - All methods marked INCLUDE are from the Variance Test category and are appropriate for checking the homogeneity of variances between two quantitative variables.

6. FINAL ANSWER (JSON):
{""columns"": [""Actual Weight"", ""Duration""], ""methods"": [""Mood Variance Test"", ""Levene Test"", ""Bartlett Test"", ""F-Test for Variance""]}"
150,Distribution Compliance Test,Does the occurrence of the attack method involving bombing or explosion align with a normal distribution?,Anderson-Darling Test|Kolmogorov-Smirnov Test for Normality|Lilliefors Test,Anderson-Darling Test|Shapiro-Wilk Test of Normality|Kolmogorov-Smirnov Test for Normality|Lilliefors Test,fully_labeled,Anderson-Darling Test=include|Shapiro-Wilk Test of Normality=include|Kolmogorov-Smirnov Test for Normality=include|Kolmogorov-Smirnov Test=include|Lilliefors Test=include|Kolmogorov-Smirnov Test for Uniform distribution=exclude|Kolmogorov-Smirnov Test for Gamma distribution=exclude|Kolmogorov-Smirnov Test for Exponential distribution=exclude,,,"1. Identify the variables involved.
   - The variable of interest is ""Attack method: Bombing/Explosion"".

2. Determine the statistical task type.
   - The task is to test if the occurrence of the attack method involving bombing or explosion aligns with a normal distribution.

3. Select the appropriate method category.
   - The appropriate method category is ""Distribution Compliance Test"".

4. Evaluate the candidate methods.
   - Anderson-Darling Test: INCLUDE
   - Shapiro-Wilk Test of Normality: INCLUDE
   - Kolmogorov-Smirnov Test for Normality: INCLUDE
   - Lilliefors Test: INCLUDE
   - Kolmogorov-Smirnov Test: EXCLUDE
   - Kolmogorov-Smirnov Test for Uniform distribution: EXCLUDE
   - Kolmogorov-Smirnov Test for Gamma distribution: EXCLUDE
   - Kolmogorov-Smirnov Test for Exponential distribution: EXCLUDE

5. Self-check: list only the methods marked INCLUDE in Step 4.
   - Anderson-Darling Test: INCLUDE
   - Shapiro-Wilk Test of Normality: INCLUDE
   - Kolmogorov-Smirnov Test for Normality: INCLUDE
   - Lilliefors Test: INCLUDE

6. FINAL ANSWER (JSON):
{""columns"": [""Attack method: Bombing/Explosion""], ""methods"": [""Anderson-Darling Test"", ""Shapiro-Wilk Test of Normality"", ""Kolmogorov-Smirnov Test for Normality"", ""Lilliefors Test""]}"
216,Variance Test,Do the fluctuations in the Research Quality Score compare to those in the Teaching Score?,Mood Variance Test|Levene Test,Mood Variance Test|Levene Test|Bartlett Test|F-Test for Variance,fully_labeled,Mood Variance Test=include|Levene Test=include|Bartlett Test=include|F-Test for Variance=include,,,"1. Identify the variables involved: Research Quality Score, Teaching Score.
2. Determine the statistical task type: The task is to compare the fluctuations (variance) in two quantitative variables.
3. Select the appropriate method category: Variance Test.
4. Evaluate the candidate methods:
   - Mood Variance Test: INCLUDE
   - Levene Test: INCLUDE
   - Bartlett Test: INCLUDE
   - F-Test for Variance: INCLUDE
5. Self-check: All methods marked INCLUDE are from the Variance Test category and are appropriate for comparing the variances of two quantitative variables.
6. FINAL ANSWER (JSON):
{""columns"": [""Research Quality Score"", ""Teaching Score""], ""methods"": [""Mood Variance Test"", ""Levene Test"", ""Bartlett Test"", ""F-Test for Variance""]}"
328,Variance Test,Do the variances of the player's overall skills and abilities and the player's weight in pounds exhibit homogeneity?,Mood Variance Test|Levene Test,Mood Variance Test|Levene Test|Bartlett Test|F-Test for Variance,fully_labeled,Mood Variance Test=include|Levene Test=include|Bartlett Test=include|F-Test for Variance=include,,,"1. Identify the variables involved: The variables involved are 'Overall' (player's overall skills and abilities) and 'Weight' (player's weight in pounds).
2. Determine the statistical task type: The task is to determine if the variances of these two variables are homogeneous.
3. Select the appropriate method category: The appropriate method category is Variance Test.
4. Evaluate the candidate methods:
   - Mood Variance Test: INCLUDE
   - Levene Test: INCLUDE
   - Bartlett Test: INCLUDE
   - F-Test for Variance: INCLUDE
5. Self-check: All methods marked INCLUDE in Step 4 are from the Variance Test category and do not contradict any conditions.
6. FINAL ANSWER (JSON): {""columns"": [""Overall"", ""Weight""], ""methods"": [""Mood Variance Test"", ""Levene Test"", ""Bartlett Test"", ""F-Test for Variance""]}"
395,Distribution Compliance Test,How can I visually assess whether the annual crop production in Thailand follows a normal distribution?,Anderson-Darling Test|Shapiro-Wilk Test of Normality|Kolmogorov-Smirnov Test for Normality,Anderson-Darling Test|Shapiro-Wilk Test of Normality|Kolmogorov-Smirnov Test for Normality|Lilliefors Test,fully_labeled,Anderson-Darling Test=include|Shapiro-Wilk Test of Normality=include|Kolmogorov-Smirnov Test for Normality=include|Kolmogorov-Smirnov Test=include|Lilliefors Test=include|Kolmogorov-Smirnov Test for Uniform distribution=exclude|Kolmogorov-Smirnov Test for Gamma distribution=exclude|Kolmogorov-Smirnov Test for Exponential distribution=exclude,,,"1. The variable involved is 'Thailand' which is the annual crop production in Thailand.
2. The statistical task type is to visually assess the distribution of the data.
3. The appropriate method category is 'Distribution Compliance Test'.
4. 
- Anderson-Darling Test: INCLUDE
- Shapiro-Wilk Test of Normality: INCLUDE
- Kolmogorov-Smirnov Test for Normality: INCLUDE
- Lilliefors Test: INCLUDE
- Kolmogorov-Smirnov Test: EXCLUDE
- Kolmogorov-Smirnov Test for Uniform distribution: EXCLUDE
- Kolmogorov-Smirnov Test for Gamma distribution: EXCLUDE
- Kolmogorov-Smirnov Test for Exponential distribution: EXCLUDE
5. After self-check, the methods marked INCLUDE are:
- Anderson-Darling Test
- Shapiro-Wilk Test of Normality
- Kolmogorov-Smirnov Test for Normality
- Lilliefors Test
6. FINAL ANSWER (JSON):
{""columns"": [""Thailand""], ""methods"": [""Anderson-Darling Test"", ""Shapiro-Wilk Test of Normality"", ""Kolmogorov-Smirnov Test for Normality"", ""Lilliefors Test""]}"
374,Contingency Table Test,Do specific categories of anxiety symptoms influence the distribution of lung cancer diagnoses?,Chi-square Independence Test|Fisher Exact Test,Chi-square Independence Test|Fisher Exact Test,fully_labeled,Chi-square Independence Test=include|Fisher Exact Test=include|Mantel-Haenszel Test=exclude,,,"1. Identify the variables involved.
   - Anxiety symptoms (ANXIETY)
   - Lung cancer diagnoses (LUNG_CANCER)

2. Determine the statistical task type.
   - The task involves examining the relationship between a categorical variable (ANXIETY) and another categorical variable (LUNG_CANCER).

3. Select the appropriate method category.
   - Contingency Table Test

4. Evaluate the candidate methods.
   - Chi-square Independence Test: INCLUDE
   - Fisher Exact Test: INCLUDE
   - Mantel-Haenszel Test: EXCLUDE

5. Self-check:
   - Chi-square Independence Test: INCLUDE (valid for categorical variables)
   - Fisher Exact Test: INCLUDE (valid for categorical variables)

6. FINAL ANSWER (JSON):
{""columns"": [""ANXIETY"", ""LUNG_CANCER""], ""methods"": [""Chi-square Independence Test"", ""Fisher Exact Test""]}"
26,Contingency Table Test,"Is there a significant association between the presence of yellow fingers, indicating a smoking habit, and the presence of chest pain symptoms?",Chi-square Independence Test|Fisher Exact Test,Chi-square Independence Test|Fisher Exact Test,fully_labeled,Chi-square Independence Test=include|Fisher Exact Test=include|Mantel-Haenszel Test=exclude,,,"1. Identify the variables involved.
   - YELLOW_FINGERS (categorical)
   - CHEST PAIN (categorical)

2. Determine the statistical task type.
   - The task is to determine if there is a significant association between two categorical variables.

3. Select the appropriate method category.
   - Contingency Table Test

4. Evaluate the candidate methods.
   - Chi-square Independence Test: INCLUDE
   - Fisher Exact Test: INCLUDE
   - Mantel-Haenszel Test: EXCLUDE

5. Self-check:
   - Chi-square Independence Test: INCLUDE
   - Fisher Exact Test: INCLUDE

6. FINAL ANSWER (JSON):
{""columns"": [""YELLOW_FINGERS"", ""CHEST PAIN""], ""methods"": [""Chi-square Independence Test"", ""Fisher Exact Test""]}"
57,Variance Test,"Is the variability in the Total, which represents the sum of all base stats (Health Points, Attack, Defense, Special Attack, Special Defense, and Speed), comparable to that of Weight_kg, which represents the weight of the Pokemon in kilograms?",Mood Variance Test|Levene Test,Mood Variance Test|Levene Test|Bartlett Test|F-Test for Variance,fully_labeled,Mood Variance Test=include|Levene Test=include|Bartlett Test=include|F-Test for Variance=include,,,"1. Identify the variables involved.
   - Total (quantitative)
   - Weight_kg (quantitative)

2. Determine the statistical task type.
   - The task is to compare the variability of two quantitative variables.

3. Select the appropriate method category.
   - Variance Test

4. Evaluate the candidate methods.
   - Mood Variance Test: INCLUDE
   - Levene Test: INCLUDE
   - Bartlett Test: INCLUDE
   - F-Test for Variance: INCLUDE

5. Self-check: list only the methods marked INCLUDE in Step 4.
   - All methods marked INCLUDE are from the Variance Test category and are appropriate for comparing the variability of two quantitative variables.

6. FINAL ANSWER (JSON):
{""columns"": [""Total"", ""Weight_kg""], ""methods"": [""Mood Variance Test"", ""Levene Test"", ""Bartlett Test"", ""F-Test for Variance""]}"
81,Contingency Table Test,Does a player's physical appearance or body type relate to whether they are accurately represented in the game?,Chi-square Independence Test,Chi-square Independence Test|Fisher Exact Test,fully_labeled,Chi-square Independence Test=include|Fisher Exact Test=include|Mantel-Haenszel Test=exclude,,,"1. Identify the variables involved.
   - Physical appearance or body type (Body Type)
   - Accurately represented in the game (Real Face)

2. Determine the statistical task type.
   - The task involves a categorical variable (Body Type) and another categorical variable (Real Face). This suggests a contingency table test.

3. Select the appropriate method category.
   - Contingency Table Test

4. Evaluate the candidate methods.
   - Chi-square Independence Test: INCLUDE
   - Fisher Exact Test: INCLUDE
   - Mantel-Haenszel Test: EXCLUDE

5. Self-check:
   - Chi-square Independence Test: INCLUDE
   - Fisher Exact Test: INCLUDE

6. FINAL ANSWER (JSON):
{""columns"": [""Body Type"", ""Real Face""], ""methods"": [""Chi-square Independence Test"", ""Fisher Exact Test""]}"
200,Variance Test,To what extent do the variance patterns of the player's special abilities and height exhibit parallelism?,Mood Variance Test|Levene Test,Mood Variance Test|Levene Test|Bartlett Test|F-Test for Variance,fully_labeled,Mood Variance Test=include|Levene Test=include|Bartlett Test=include|F-Test for Variance=include,,,"1. Identify the variables involved: The variables involved are 'Special' and 'Height'.
2. Determine the statistical task type: The task is to compare the variance patterns of two quantitative variables.
3. Select the appropriate method category: Variance Test.
4. Evaluate the candidate methods:
   - Mood Variance Test: INCLUDE
   - Levene Test: INCLUDE
   - Bartlett Test: INCLUDE
   - F-Test for Variance: INCLUDE
5. Self-check: All methods marked INCLUDE in Step 4 are from the Variance Test category and are appropriate for comparing the variance patterns of two quantitative variables. No contradictions are found.
6. FINAL ANSWER (JSON): {""columns"": [""Special"", ""Height""], ""methods"": [""Mood Variance Test"", ""Levene Test"", ""Bartlett Test"", ""F-Test for Variance""]}"
129,Distribution Compliance Test,"Are the values in the variable ""AGE"" indicative of a normal distribution?",Anderson-Darling Test|Kolmogorov-Smirnov Test for Normality|Lilliefors Test,Anderson-Darling Test|Shapiro-Wilk Test of Normality|Kolmogorov-Smirnov Test for Normality|Lilliefors Test,fully_labeled,Anderson-Darling Test=include|Shapiro-Wilk Test of Normality=include|Kolmogorov-Smirnov Test for Normality=include|Kolmogorov-Smirnov Test=include|Lilliefors Test=include|Kolmogorov-Smirnov Test for Uniform distribution=exclude|Kolmogorov-Smirnov Test for Gamma distribution=exclude|Kolmogorov-Smirnov Test for Exponential distribution=exclude,,,"1. The variable involved is ""AGE"".
2. The statistical task type is to test if the distribution of ""AGE"" is normal.
3. The appropriate method category is ""Distribution Compliance Test"".
4. 
- Anderson-Darling Test: INCLUDE
- Shapiro-Wilk Test of Normality: INCLUDE
- Kolmogorov-Smirnov Test for Normality: INCLUDE
- Lilliefors Test: INCLUDE
- Kolmogorov-Smirnov Test: EXCLUDE
- Kolmogorov-Smirnov Test for Uniform distribution: EXCLUDE
- Kolmogorov-Smirnov Test for Gamma distribution: EXCLUDE
- Kolmogorov-Smirnov Test for Exponential distribution: EXCLUDE
5. After self-check, the methods to be included are:
- Anderson-Darling Test
- Shapiro-Wilk Test of Normality
- Kolmogorov-Smirnov Test for Normality
- Lilliefors Test
6. FINAL ANSWER (JSON):
{""columns"": [""AGE""], ""methods"": [""Anderson-Darling Test"", ""Shapiro-Wilk Test of Normality"", ""Kolmogorov-Smirnov Test for Normality"", ""Lilliefors Test""]}"
269,Distribution Compliance Test,What is the likelihood that the scores on the TOEFL (Test of English as a Foreign Language) exam are sampled from a normal distribution?,Anderson-Darling Test|Kolmogorov-Smirnov Test for Normality|Lilliefors Test,Anderson-Darling Test|Shapiro-Wilk Test of Normality|Kolmogorov-Smirnov Test for Normality|Lilliefors Test,fully_labeled,Anderson-Darling Test=include|Shapiro-Wilk Test of Normality=include|Kolmogorov-Smirnov Test for Normality=include|Kolmogorov-Smirnov Test=include|Lilliefors Test=include|Kolmogorov-Smirnov Test for Uniform distribution=exclude|Kolmogorov-Smirnov Test for Gamma distribution=exclude|Kolmogorov-Smirnov Test for Exponential distribution=exclude,,,"1. The variable involved is the TOEFL Score, which is quantitative.
2. The statistical task type is to test if the scores are sampled from a normal distribution.
3. The appropriate method category is Distribution Compliance Test.
4. 
Anderson-Darling Test: INCLUDE
Shapiro-Wilk Test of Normality: INCLUDE
Kolmogorov-Smirnov Test for Normality: INCLUDE
Lilliefors Test: INCLUDE
Kolmogorov-Smirnov Test: EXCLUDE
Kolmogorov-Smirnov Test for Uniform distribution: EXCLUDE
Kolmogorov-Smirnov Test for Gamma distribution: EXCLUDE
Kolmogorov-Smirnov Test for Exponential distribution: EXCLUDE

5. Self-check: The methods marked INCLUDE are Anderson-Darling Test, Shapiro-Wilk Test of Normality, Kolmogorov-Smirnov Test for Normality, and Lilliefors Test. These methods are all appropriate for testing normality and do not contradict any conditions.

FINAL ANSWER (JSON):{""columns"": [""TOEFL Score""], ""methods"": [""Anderson-Darling Test"", ""Shapiro-Wilk Test of Normality"", ""Kolmogorov-Smirnov Test for Normality"", ""Lilliefors Test""]}"
120,Contingency Table Test,Is there variation in the association between the experience of peer pressure related to smoking and the presence of chronic disease when stratified by gender?,Mantel-Haenszel Test,Chi-square Independence Test|Fisher Exact Test|Mantel-Haenszel Test,fully_labeled,Chi-square Independence Test=include|Fisher Exact Test=include|Mantel-Haenszel Test=include,,,"1. Identify the variables involved.
   - Peer Pressure (PEER_PRESSURE)
   - Chronic Disease (CHRONIC DISEASE)
   - Gender (GENDER) as a stratification variable

2. Determine the statistical task type.
   - The task involves assessing the association between two categorical variables (PEER_PRESSURE and CHRONIC DISEASE) stratified by a third categorical variable (GENDER).

3. Select the appropriate method category.
   - Contingency Table Test

4. Evaluate the candidate methods.
   - Chi-square Independence Test: INCLUDE
   - Fisher Exact Test: INCLUDE
   - Mantel-Haenszel Test: INCLUDE

5. Self-check: list only the methods marked INCLUDE in Step 4.
   - Chi-square Independence Test: INCLUDE
   - Fisher Exact Test: INCLUDE
   - Mantel-Haenszel Test: INCLUDE
   - All methods marked INCLUDE are appropriate for the task.

6. FINAL ANSWER (JSON):
{""columns"": [""PEER_PRESSURE"", ""CHRONIC DISEASE"", ""GENDER""], ""methods"": [""Chi-square Independence Test"", ""Fisher Exact Test"", ""Mantel-Haenszel Test""]}"
256,Correlation Analysis,Is there a linear correlation between the weekly study time and the first period grade?,Pearson Correlation Coefficient|Spearman Correlation Coefficient|Kendall Correlation Coefficient,Pearson Correlation Coefficient|Spearman Correlation Coefficient|Kendall Correlation Coefficient|Partial Correlation Coefficient,fully_labeled,Pearson Correlation Coefficient=include|Spearman Correlation Coefficient=include|Kendall Correlation Coefficient=include|Partial Correlation Coefficient=include,,,"1. Identify the variables involved.
   - Weekly study time: studytime
   - First period grade: G1

2. Determine the statistical task type.
   - The task is to determine if there is a linear correlation between two quantitative variables.

3. Select the appropriate method category.
   - Correlation Analysis

4. Evaluate the candidate methods.
   - Pearson Correlation Coefficient: INCLUDE
   - Spearman Correlation Coefficient: INCLUDE
   - Kendall Correlation Coefficient: INCLUDE
   - Partial Correlation Coefficient: INCLUDE

5. Self-check: list only the methods marked INCLUDE in Step 4.
   - Pearson Correlation Coefficient: INCLUDE
   - Spearman Correlation Coefficient: INCLUDE
   - Kendall Correlation Coefficient: INCLUDE
   - Partial Correlation Coefficient: INCLUDE
   - No contradictions found.

6. FINAL ANSWER (JSON):
{""columns"": [""studytime"", ""G1""], ""methods"": [""Pearson Correlation Coefficient"", ""Spearman Correlation Coefficient"", ""Kendall Correlation Coefficient"", ""Partial Correlation Coefficient""]}"
334,Contingency Table Test,Does the observed frequency conform to the assumption of independence between legendary status and gender classification among the Pokémon?,Fisher Exact Test,Chi-square Independence Test|Fisher Exact Test,fully_labeled,Chi-square Independence Test=include|Fisher Exact Test=include|Mantel-Haenszel Test=exclude,,,"1. Identify the variables involved.
   - Legendary status (isLegendary)
   - Gender classification (hasGender)

2. Determine the statistical task type.
   - The task is to test the independence between two categorical variables.

3. Select the appropriate method category.
   - Contingency Table Test

4. Evaluate the candidate methods.
   - Chi-square Independence Test: INCLUDE
   - Fisher Exact Test: INCLUDE
   - Mantel-Haenszel Test: EXCLUDE

5. Self-check:
   - Chi-square Independence Test: INCLUDE
   - Fisher Exact Test: INCLUDE

6. FINAL ANSWER (JSON):
{""columns"": [""isLegendary"", ""hasGender""], ""methods"": [""Chi-square Independence Test"", ""Fisher Exact Test""]}"
386,Variance Test,Are the variances of average glucose level and body mass index similar?,Mood Variance Test|Levene Test,Mood Variance Test|Levene Test|Bartlett Test|F-Test for Variance,fully_labeled,Mood Variance Test=include|Levene Test=include|Bartlett Test=include|F-Test for Variance=include,,,"1. The variables involved are 'avg_glucose_level' and 'bmi'.
2. The statistical task type is to compare the variances of two quantitative variables.
3. The appropriate method category is Variance Test.
4. 
- Mood Variance Test: INCLUDE
- Levene Test: INCLUDE
- Bartlett Test: INCLUDE
- F-Test for Variance: INCLUDE
5. Self-check: All methods marked INCLUDE in Step 4 are from the Variance Test category and are appropriate for comparing the variances of two quantitative variables.
6. FINAL ANSWER (JSON): {""columns"": [""avg_glucose_level"", ""bmi""], ""methods"": [""Mood Variance Test"", ""Levene Test"", ""Bartlett Test"", ""F-Test for Variance""]}"
60,Distribution Compliance Test,Is it possible to infer whether the distribution of the budget allocated for TV advertising and the sales revenue generated are equivalent?,Kolmogorov-Smirnov Test,Anderson-Darling Test|Kolmogorov-Smirnov Test,fully_labeled,Anderson-Darling Test=include|Shapiro-Wilk Test of Normality=exclude|Kolmogorov-Smirnov Test for Normality=exclude|Kolmogorov-Smirnov Test=exclude|Lilliefors Test=exclude|Kolmogorov-Smirnov Test for Uniform distribution=exclude|Kolmogorov-Smirnov Test for Gamma distribution=exclude|Kolmogorov-Smirnov Test for Exponential distribution=exclude,,,"1. Identify the variables involved.
   - TV Ad Budget ($)
   - Sales ($)

2. Determine the statistical task type.
   - The task is to infer whether the distribution of the budget allocated for TV advertising and the sales revenue generated are equivalent.

3. Select the appropriate method category.
   - Distribution Compliance Test

4. Evaluate the candidate methods.
   Anderson-Darling Test: INCLUDE
   Shapiro-Wilk Test of Normality: EXCLUDE
   Kolmogorov-Smirnov Test for Normality: EXCLUDE
   Lilliefors Test: EXCLUDE
   Kolmogorov-Smirnov Test: INCLUDE
   Kolmogorov-Smirnov Test for Uniform distribution: EXCLUDE
   Kolmogorov-Smirnov Test for Gamma distribution: EXCLUDE
   Kolmogorov-Smirnov Test for Exponential distribution: EXCLUDE

5. Self-check:
   - Anderson-Darling Test: INCLUDE (No contradiction)
   - Kolmogorov-Smirnov Test: INCLUDE (No contradiction)

6. FINAL ANSWER (JSON):
{""columns"": [""TV Ad Budget ($)"", ""Sales ($)""], ""methods"": [""Anderson-Darling Test"", ""Kolmogorov-Smirnov Test""]}"
342,Contingency Table Test,Is there a relationship between the presence of family history with overweight and the different categories of NObeyesdad?,Chi-square Independence Test,Chi-square Independence Test|Fisher Exact Test,fully_labeled,Chi-square Independence Test=include|Fisher Exact Test=include|Mantel-Haenszel Test=exclude,,,"1. Identify the variables involved.
   - The variables involved are 'family_history_with_overweight' (categorical) and 'NObeyesdad' (categorical).

2. Determine the statistical task type.
   - The task is to determine if there is a relationship between two categorical variables.

3. Select the appropriate method category.
   - The appropriate method category is Contingency Table Test.

4. Evaluate the candidate methods.
   - Chi-square Independence Test: INCLUDE
   - Fisher Exact Test: INCLUDE
   - Mantel-Haenszel Test: EXCLUDE

5. Self-check:
   - Chi-square Independence Test: INCLUDE (valid for categorical variables)
   - Fisher Exact Test: INCLUDE (valid for categorical variables)

6. FINAL ANSWER (JSON):
{""columns"": [""family_history_with_overweight"", ""NObeyesdad""], ""methods"": [""Chi-square Independence Test"", ""Fisher Exact Test""]}"
114,Distribution Compliance Test,"Do the values in the car price variable, measured in lakhs of currency units, exhibit characteristics consistent with a normal distribution?",Anderson-Darling Test|Kolmogorov-Smirnov Test for Normality|Lilliefors Test,Anderson-Darling Test|Shapiro-Wilk Test of Normality|Kolmogorov-Smirnov Test for Normality|Lilliefors Test,fully_labeled,Anderson-Darling Test=include|Shapiro-Wilk Test of Normality=include|Kolmogorov-Smirnov Test for Normality=include|Kolmogorov-Smirnov Test=include|Lilliefors Test=include|Kolmogorov-Smirnov Test for Uniform distribution=exclude|Kolmogorov-Smirnov Test for Gamma distribution=exclude|Kolmogorov-Smirnov Test for Exponential distribution=exclude,,,"1. The variable involved is 'price(in lakhs)', which is quantitative.
2. The statistical task type is to test if the variable follows a normal distribution.
3. The appropriate method category is 'Distribution Compliance Test'.
4. 
Anderson-Darling Test: INCLUDE
Shapiro-Wilk Test of Normality: INCLUDE
Kolmogorov-Smirnov Test for Normality: INCLUDE
Lilliefors Test: INCLUDE
Kolmogorov-Smirnov Test: EXCLUDE
Kolmogorov-Smirnov Test for Uniform distribution: EXCLUDE
Kolmogorov-Smirnov Test for Gamma distribution: EXCLUDE
Kolmogorov-Smirnov Test for Exponential distribution: EXCLUDE

5. Self-check: The methods marked INCLUDE are Anderson-Darling Test, Shapiro-Wilk Test of Normality, Kolmogorov-Smirnov Test for Normality, and Lilliefors Test. These methods are all appropriate for testing normal distribution compliance.

FINAL ANSWER (JSON): {""columns"": [""price(in lakhs)""], ""methods"": [""Anderson-Darling Test"", ""Shapiro-Wilk Test of Normality"", ""Kolmogorov-Smirnov Test for Normality"", ""Lilliefors Test""]}"
30,Variance Test,Do the age and body mass index (BMI) have statistically similar dispersions?,Mood Variance Test|Levene Test,Mood Variance Test|Levene Test|Bartlett Test|F-Test for Variance,fully_labeled,Mood Variance Test=include|Levene Test=include|Bartlett Test=include|F-Test for Variance=include,,,"1. The variables involved are 'age' and 'bmi'.
2. The statistical task is to compare the dispersions of two quantitative variables.
3. The appropriate method category is 'Variance Test'.
4. 
- Mood Variance Test: INCLUDE
- Levene Test: INCLUDE
- Bartlett Test: INCLUDE
- F-Test for Variance: INCLUDE
5. Self-check: All methods marked INCLUDE in Step 4 are from the 'Variance Test' category and are appropriate for comparing the dispersions of two quantitative variables.
6. FINAL ANSWER (JSON): {""columns"": [""age"", ""bmi""], ""methods"": [""Mood Variance Test"", ""Levene Test"", ""Bartlett Test"", ""F-Test for Variance""]}"
115,Distribution Compliance Test,"Can I assume that the distribution of ages at death, specifically for individuals aged between 51 and 99, follows a normal distribution for statistical procedures?",Anderson-Darling Test|Kolmogorov-Smirnov Test for Normality|Lilliefors Test,Anderson-Darling Test|Shapiro-Wilk Test of Normality|Kolmogorov-Smirnov Test for Normality|Lilliefors Test,fully_labeled,Anderson-Darling Test=include|Shapiro-Wilk Test of Normality=include|Kolmogorov-Smirnov Test for Normality=include|Kolmogorov-Smirnov Test=include|Lilliefors Test=include|Kolmogorov-Smirnov Test for Uniform distribution=exclude|Kolmogorov-Smirnov Test for Gamma distribution=exclude|Kolmogorov-Smirnov Test for Exponential distribution=exclude,,,"1. Identify the variables involved.
   - The variable of interest is ""Death Age: 51-99"", which is quantitative.

2. Determine the statistical task type.
   - The task is to test if the distribution of ages at death for individuals aged between 51 and 99 follows a normal distribution.

3. Select the appropriate method category.
   - The appropriate method category is ""Distribution Compliance Test"".

4. Evaluate the candidate methods.
   - Anderson-Darling Test: INCLUDE
   - Shapiro-Wilk Test of Normality: INCLUDE
   - Kolmogorov-Smirnov Test for Normality: INCLUDE
   - Lilliefors Test: INCLUDE
   - Kolmogorov-Smirnov Test: EXCLUDE
   - Kolmogorov-Smirnov Test for Uniform distribution: EXCLUDE
   - Kolmogorov-Smirnov Test for Gamma distribution: EXCLUDE
   - Kolmogorov-Smirnov Test for Exponential distribution: EXCLUDE

5. Self-check:
   - Anderson-Darling Test: INCLUDE
   - Shapiro-Wilk Test of Normality: INCLUDE
   - Kolmogorov-Smirnov Test for Normality: INCLUDE
   - Lilliefors Test: INCLUDE

6. FINAL ANSWER (JSON):
{""columns"": [""Death Age: 51-99""], ""methods"": [""Anderson-Darling Test"", ""Shapiro-Wilk Test of Normality"", ""Kolmogorov-Smirnov Test for Normality"", ""Lilliefors Test""]}"
140,Distribution Compliance Test,Does the distribution of cumulative GPAs conform to a normal distribution?,Anderson-Darling Test|Kolmogorov-Smirnov Test for Normality|Lilliefors Test,Anderson-Darling Test|Shapiro-Wilk Test of Normality|Kolmogorov-Smirnov Test for Normality|Lilliefors Test,fully_labeled,Pearson Correlation Coefficient=exclude|Spearman Correlation Coefficient=exclude|Kendall Correlation Coefficient=exclude|Partial Correlation Coefficient=exclude|Anderson-Darling Test=include|Shapiro-Wilk Test of Normality=include|Kolmogorov-Smirnov Test for Normality=include|Kolmogorov-Smirnov Test=include|Lilliefors Test=include|Kolmogorov-Smirnov Test for Uniform distribution=exclude|Kolmogorov-Smirnov Test for Gamma distribution=exclude|Kolmogorov-Smirnov Test for Exponential distribution=exclude|Chi-square Independence Test=exclude|Fisher Exact Test=exclude|Mantel-Haenszel Test=exclude|Mean=exclude|Median=exclude|Mode=exclude|Range=exclude|Quartile=exclude|Standard Deviation=exclude|Skewness=exclude|Kurtosis=exclude|Mood Variance Test=exclude|Levene Test=exclude|Bartlett Test=exclude|F-Test for Variance=exclude,,,"PH-121: EXCLUDE
HS-101: EXCLUDE
CY-105: EXCLUDE
HS-105/12: EXCLUDE
MT-111: EXCLUDE
CS-105: EXCLUDE
CS-106: EXCLUDE
EL-102: EXCLUDE
EE-119: EXCLUDE
ME-107: EXCLUDE
CS-107: EXCLUDE
HS-205/20: EXCLUDE
MT-222: EXCLUDE
EE-222: EXCLUDE
MT-224: EXCLUDE
CS-210: EXCLUDE
CS-211: EXCLUDE
CS-203: EXCLUDE
CS-214: EXCLUDE
EE-217: EXCLUDE
CS-212: EXCLUDE
CS-215: EXCLUDE
MT-331: EXCLUDE
EF-303: EXCLUDE
HS-304: EXCLUDE
CS-301: EXCLUDE
CS-302: EXCLUDE
TC-383: EXCLUDE
MT-442: EXCLUDE
EL-332: EXCLUDE
CS-318: EXCLUDE
CS-306: EXCLUDE
CS-312: EXCLUDE
CS-317: EXCLUDE
CS-403: EXCLUDE
CS-421: EXCLUDE
CS-406: EXCLUDE
CS-414: EXCLUDE
CS-419: EXCLUDE
CS-423: EXCLUDE
CS-412: EXCLUDE
CGPA: INCLUDE
Pearson Correlation Coefficient: EXCLUDE
Spearman Correlation Coefficient: EXCLUDE
Kendall Correlation Coefficient: EXCLUDE
Partial Correlation Coefficient: EXCLUDE
Anderson-Darling Test: INCLUDE
Shapiro-Wilk Test of Normality: INCLUDE
Kolmogorov-Smirnov Test for Normality: INCLUDE
Lilliefors Test: INCLUDE
Kolmogorov-Smirnov Test: EXCLUDE
Kolmogorov-Smirnov Test for Uniform distribution: EXCLUDE
Kolmogorov-Smirnov Test for Gamma distribution: EXCLUDE
Kolmogorov-Smirnov Test for Exponential distribution: EXCLUDE
Chi-square Independence Test: EXCLUDE
Fisher Exact Test: EXCLUDE
Mantel-Haenszel Test: EXCLUDE
Mean: EXCLUDE
Median: EXCLUDE
Mode: EXCLUDE
Range: EXCLUDE
Quartile: EXCLUDE
Standard Deviation: EXCLUDE
Skewness: EXCLUDE
Kurtosis: EXCLUDE
Mood Variance Test: EXCLUDE
Levene Test: EXCLUDE
Bartlett Test: EXCLUDE
F-Test for Variance: EXCLUDE

FINAL ANSWER (JSON):{""columns"": [""CGPA""], ""methods"": [""Anderson-Darling Test"", ""Shapiro-Wilk Test of Normality"", ""Kolmogorov-Smirnov Test for Normality"", ""Lilliefors Test""]}"
206,Variance Test,Are the levels of variability in GRE scores comparable to those in the strength of the applicant's Statement of Purpose?,Mood Variance Test|Levene Test,Spearman Correlation Coefficient|Kendall Correlation Coefficient|Standard Deviation|Mood Variance Test|Levene Test|Bartlett Test|F-Test for Variance,fully_labeled,Pearson Correlation Coefficient=exclude|Spearman Correlation Coefficient=include|Kendall Correlation Coefficient=include|Partial Correlation Coefficient=exclude|Anderson-Darling Test=exclude|Shapiro-Wilk Test of Normality=exclude|Kolmogorov-Smirnov Test for Normality=exclude|Kolmogorov-Smirnov Test=exclude|Lilliefors Test=exclude|Kolmogorov-Smirnov Test for Uniform distribution=exclude|Kolmogorov-Smirnov Test for Gamma distribution=exclude|Kolmogorov-Smirnov Test for Exponential distribution=exclude|Chi-square Independence Test=exclude|Fisher Exact Test=exclude|Mantel-Haenszel Test=exclude|Mean=exclude|Median=exclude|Mode=exclude|Range=exclude|Quartile=exclude|Standard Deviation=include|Skewness=exclude|Kurtosis=exclude|Mood Variance Test=include|Levene Test=include|Bartlett Test=include|F-Test for Variance=include,,,"GRE Score: INCLUDE
TOEFL Score: EXCLUDE
University Rating: EXCLUDE
SOP: INCLUDE
LOR : EXCLUDE
CGPA: EXCLUDE
Research: EXCLUDE
Chance of Admit : EXCLUDE
Pearson Correlation Coefficient: EXCLUDE
Spearman Correlation Coefficient: INCLUDE
Kendall Correlation Coefficient: INCLUDE
Partial Correlation Coefficient: EXCLUDE
Anderson-Darling Test: EXCLUDE
Shapiro-Wilk Test of Normality: EXCLUDE
Kolmogorov-Smirnov Test for Normality: EXCLUDE
Lilliefors Test: EXCLUDE
Kolmogorov-Smirnov Test: EXCLUDE
Kolmogorov-Smirnov Test for Uniform distribution: EXCLUDE
Kolmogorov-Smirnov Test for Gamma distribution: EXCLUDE
Kolmogorov-Smirnov Test for Exponential distribution: EXCLUDE
Chi-square Independence Test: EXCLUDE
Fisher Exact Test: EXCLUDE
Mantel-Haenszel Test: EXCLUDE
Mean: EXCLUDE
Median: EXCLUDE
Mode: EXCLUDE
Range: EXCLUDE
Quartile: EXCLUDE
Standard Deviation: INCLUDE
Skewness: EXCLUDE
Kurtosis: EXCLUDE
Mood Variance Test: INCLUDE
Levene Test: INCLUDE
Bartlett Test: INCLUDE
F-Test for Variance: INCLUDE

FINAL ANSWER (JSON):{""columns"": [""GRE Score"", ""SOP""], ""methods"": [""Spearman Correlation Coefficient"", ""Kendall Correlation Coefficient"", ""Standard Deviation"", ""Mood Variance Test"", ""Levene Test"", ""Bartlett Test"", ""F-Test for Variance""]}"
14,Contingency Table Test,Is there any correlation between experiencing peer pressure related to smoking and the presence of symptoms of chest pain?,Chi-square Independence Test|Fisher Exact Test,Chi-square Independence Test|Fisher Exact Test,fully_labeled,Pearson Correlation Coefficient=exclude|Spearman Correlation Coefficient=exclude|Kendall Correlation Coefficient=exclude|Partial Correlation Coefficient=exclude|Anderson-Darling Test=exclude|Shapiro-Wilk Test of Normality=exclude|Kolmogorov-Smirnov Test for Normality=exclude|Kolmogorov-Smirnov Test=exclude|Lilliefors Test=exclude|Kolmogorov-Smirnov Test for Uniform distribution=exclude|Kolmogorov-Smirnov Test for Gamma distribution=exclude|Kolmogorov-Smirnov Test for Exponential distribution=exclude|Chi-square Independence Test=include|Fisher Exact Test=include|Mantel-Haenszel Test=exclude|Mean=exclude|Median=exclude|Mode=exclude|Range=exclude|Quartile=exclude|Standard Deviation=exclude|Skewness=exclude|Kurtosis=exclude|Mood Variance Test=exclude|Levene Test=exclude|Bartlett Test=exclude|F-Test for Variance=exclude,,,"1. Identify the variables involved.
   - PEER_PRESSURE (related to smoking)
   - CHEST PAIN

2. Determine the statistical task type.
   - The task is to find a correlation between two categorical variables.

3. Select the appropriate method category.
   - Correlation Analysis for categorical variables is not directly applicable. However, we can use Contingency Table Test to check for association.

4. Evaluate the candidate methods.
   - Pearson Correlation Coefficient: EXCLUDE
   - Spearman Correlation Coefficient: EXCLUDE
   - Kendall Correlation Coefficient: EXCLUDE
   - Partial Correlation Coefficient: EXCLUDE
   - Anderson-Darling Test: EXCLUDE
   - Shapiro-Wilk Test of Normality: EXCLUDE
   - Kolmogorov-Smirnov Test for Normality: EXCLUDE
   - Lilliefors Test: EXCLUDE
   - Kolmogorov-Smirnov Test: EXCLUDE
   - Kolmogorov-Smirnov Test for Uniform distribution: EXCLUDE
   - Kolmogorov-Smirnov Test for Gamma distribution: EXCLUDE
   - Kolmogorov-Smirnov Test for Exponential distribution: EXCLUDE
   - Chi-square Independence Test: INCLUDE
   - Fisher Exact Test: INCLUDE
   - Mantel-Haenszel Test: EXCLUDE
   - Mean: EXCLUDE
   - Median: EXCLUDE
   - Mode: EXCLUDE
   - Range: EXCLUDE
   - Quartile: EXCLUDE
   - Standard Deviation: EXCLUDE
   - Skewness: EXCLUDE
   - Kurtosis: EXCLUDE
   - Mood Variance Test: EXCLUDE
   - Levene Test: EXCLUDE
   - Bartlett Test: EXCLUDE
   - F-Test for Variance: EXCLUDE

5. Self-check: list only the methods marked INCLUDE in Step 4.
   - Chi-square Independence Test: INCLUDE
   - Fisher Exact Test: INCLUDE

6. FINAL ANSWER (JSON):
{""columns"": [""PEER_PRESSURE"", ""CHEST PAIN""], ""methods"": [""Chi-square Independence Test"", ""Fisher Exact Test""]}"
132,Variance Test,Do age and BMI exhibit similar variance characteristics?,Mood Variance Test|Levene Test,Mood Variance Test|Levene Test|Bartlett Test|F-Test for Variance,fully_labeled,Mood Variance Test=include|Levene Test=include|Bartlett Test=include|F-Test for Variance=include,,,"1. The variables involved are 'age' and 'bmi'.
2. The statistical task type is to compare the variance characteristics of two quantitative variables.
3. The appropriate method category is Variance Test.
4. 
- Mood Variance Test: INCLUDE
- Levene Test: INCLUDE
- Bartlett Test: INCLUDE
- F-Test for Variance: INCLUDE
5. Self-check: All methods marked INCLUDE in Step 4 are from the Variance Test category and are appropriate for comparing the variance characteristics of two quantitative variables.
6. FINAL ANSWER (JSON): {""columns"": [""age"", ""bmi""], ""methods"": [""Mood Variance Test"", ""Levene Test"", ""Bartlett Test"", ""F-Test for Variance""]}"
162,Distribution Compliance Test,Does the average self-reported happiness score (avg_satisfaction) exhibit consistency with a normal distribution?,Anderson-Darling Test|Kolmogorov-Smirnov Test for Normality|Lilliefors Test,Anderson-Darling Test|Shapiro-Wilk Test of Normality|Kolmogorov-Smirnov Test for Normality|Lilliefors Test,fully_labeled,Anderson-Darling Test=include|Shapiro-Wilk Test of Normality=include|Kolmogorov-Smirnov Test for Normality=include|Kolmogorov-Smirnov Test=include|Lilliefors Test=include|Kolmogorov-Smirnov Test for Uniform distribution=exclude|Kolmogorov-Smirnov Test for Gamma distribution=exclude|Kolmogorov-Smirnov Test for Exponential distribution=exclude,,,"1. The variable involved is 'avg_satisfaction'.
2. The statistical task type is to test if the variable 'avg_satisfaction' follows a normal distribution.
3. The appropriate method category is 'Distribution Compliance Test'.
4. 
Anderson-Darling Test: INCLUDE
Shapiro-Wilk Test of Normality: INCLUDE
Kolmogorov-Smirnov Test for Normality: INCLUDE
Lilliefors Test: INCLUDE
Kolmogorov-Smirnov Test: EXCLUDE
Kolmogorov-Smirnov Test for Uniform distribution: EXCLUDE
Kolmogorov-Smirnov Test for Gamma distribution: EXCLUDE
Kolmogorov-Smirnov Test for Exponential distribution: EXCLUDE

5. Self-check:
- Anderson-Darling Test: INCLUDE
- Shapiro-Wilk Test of Normality: INCLUDE
- Kolmogorov-Smirnov Test for Normality: INCLUDE
- Lilliefors Test: INCLUDE

6. FINAL ANSWER (JSON):
{""columns"": [""avg_satisfaction""], ""methods"": [""Anderson-Darling Test"", ""Shapiro-Wilk Test of Normality"", ""Kolmogorov-Smirnov Test for Normality"", ""Lilliefors Test""]}"
248,Variance Test,"To what extent do the variance patterns of engine displacement (measured in cubic centimeters, cc) and maximum power output (measured in brake horsepower, bhp) exhibit parallelism?",Mood Variance Test|Levene Test,Mood Variance Test|Levene Test|Bartlett Test|F-Test for Variance,fully_labeled,Mood Variance Test=include|Levene Test=include|Bartlett Test=include|F-Test for Variance=include,,,"1. The variables involved are 'engine(cc)' and 'max_power(bhp)'.
2. The statistical task type is to compare the variance patterns of two quantitative variables.
3. The appropriate method category is Variance Test.
4. 
- Mood Variance Test: INCLUDE
- Levene Test: INCLUDE
- Bartlett Test: INCLUDE
- F-Test for Variance: INCLUDE

5. Self-check: All methods marked INCLUDE in Step 4 are from the Variance Test category and are appropriate for comparing the variance patterns of two quantitative variables. No contradictions are found.

FINAL ANSWER (JSON): {""columns"": [""engine(cc)"", ""max_power(bhp)""], ""methods"": [""Mood Variance Test"", ""Levene Test"", ""Bartlett Test"", ""F-Test for Variance""]}"
51,Correlation Analysis,Do changes in base Health Points (HP) correspond to similar changes in base Special Defense (Sp_Def)?,Pearson Correlation Coefficient|Spearman Correlation Coefficient|Kendall Correlation Coefficient,Pearson Correlation Coefficient|Spearman Correlation Coefficient|Kendall Correlation Coefficient|Partial Correlation Coefficient,fully_labeled,Pearson Correlation Coefficient=include|Spearman Correlation Coefficient=include|Kendall Correlation Coefficient=include|Partial Correlation Coefficient=include|Anderson-Darling Test=exclude|Shapiro-Wilk Test of Normality=exclude|Kolmogorov-Smirnov Test for Normality=exclude|Kolmogorov-Smirnov Test=exclude|Lilliefors Test=exclude|Kolmogorov-Smirnov Test for Uniform distribution=exclude|Kolmogorov-Smirnov Test for Gamma distribution=exclude|Kolmogorov-Smirnov Test for Exponential distribution=exclude|Chi-square Independence Test=exclude|Fisher Exact Test=exclude|Mantel-Haenszel Test=exclude|Mean=exclude|Median=exclude|Mode=exclude|Range=exclude|Quartile=exclude|Standard Deviation=exclude|Skewness=exclude|Kurtosis=exclude|Mood Variance Test=exclude|Levene Test=exclude|Bartlett Test=exclude|F-Test for Variance=exclude,,,"1. Identify the variables involved.
   - HP (base Health Points)
   - Sp_Def (base Special Defense)

2. Determine the statistical task type.
   - The task is to determine if changes in HP correspond to similar changes in Sp_Def. This suggests a correlation analysis.

3. Select the appropriate method category.
   - Correlation Analysis

4. Evaluate the candidate methods.
   Pearson Correlation Coefficient: INCLUDE
   Spearman Correlation Coefficient: INCLUDE
   Kendall Correlation Coefficient: INCLUDE
   Partial Correlation Coefficient: INCLUDE
   Anderson-Darling Test: EXCLUDE
   Shapiro-Wilk Test of Normality: EXCLUDE
   Kolmogorov-Smirnov Test for Normality: EXCLUDE
   Lilliefors Test: EXCLUDE
   Kolmogorov-Smirnov Test: EXCLUDE
   Kolmogorov-Smirnov Test for Uniform distribution: EXCLUDE
   Kolmogorov-Smirnov Test for Gamma distribution: EXCLUDE
   Kolmogorov-Smirnov Test for Exponential distribution: EXCLUDE
   Chi-square Independence Test: EXCLUDE
   Fisher Exact Test: EXCLUDE
   Mantel-Haenszel Test: EXCLUDE
   Mean: EXCLUDE
   Median: EXCLUDE
   Mode: EXCLUDE
   Range: EXCLUDE
   Quartile: EXCLUDE
   Standard Deviation: EXCLUDE
   Skewness: EXCLUDE
   Kurtosis: EXCLUDE
   Mood Variance Test: EXCLUDE
   Levene Test: EXCLUDE
   Bartlett Test: EXCLUDE
   F-Test for Variance: EXCLUDE

5. Self-check: list only the methods marked INCLUDE in Step 4.
   - Pearson Correlation Coefficient
   - Spearman Correlation Coefficient
   - Kendall Correlation Coefficient
   - Partial Correlation Coefficient

6. FINAL ANSWER (JSON):
{""columns"": [""HP"", ""Sp_Def""], ""methods"": [""Pearson Correlation Coefficient"", ""Spearman Correlation Coefficient"", ""Kendall Correlation Coefficient"", ""Partial Correlation Coefficient""]}"
324,Correlation Analysis,How strong is the relationship between the number of Christmas trees purchased and their average sale price?,Kendall Correlation Coefficient,Pearson Correlation Coefficient|Spearman Correlation Coefficient|Kendall Correlation Coefficient,fully_labeled,Pearson Correlation Coefficient=include|Spearman Correlation Coefficient=include|Kendall Correlation Coefficient=include|Partial Correlation Coefficient=exclude|Anderson-Darling Test=exclude|Shapiro-Wilk Test of Normality=exclude|Kolmogorov-Smirnov Test for Normality=exclude|Kolmogorov-Smirnov Test=exclude|Lilliefors Test=exclude|Kolmogorov-Smirnov Test for Uniform distribution=exclude|Kolmogorov-Smirnov Test for Gamma distribution=exclude|Kolmogorov-Smirnov Test for Exponential distribution=exclude|Chi-square Independence Test=exclude|Fisher Exact Test=exclude|Mantel-Haenszel Test=exclude|Mean=exclude|Median=exclude|Mode=exclude|Range=exclude|Quartile=exclude|Standard Deviation=exclude|Skewness=exclude|Kurtosis=exclude|Mood Variance Test=exclude|Levene Test=exclude|Bartlett Test=exclude|F-Test for Variance=exclude,,,"1. The variables involved are ""Number of trees sold"" and ""Average Tree Price"".
2. The statistical task type is to measure the strength of the relationship between two quantitative variables.
3. The appropriate method category is Correlation Analysis.
4. 
Pearson Correlation Coefficient: INCLUDE
Spearman Correlation Coefficient: INCLUDE
Kendall Correlation Coefficient: INCLUDE
Partial Correlation Coefficient: EXCLUDE
Anderson-Darling Test: EXCLUDE
Shapiro-Wilk Test of Normality: EXCLUDE
Kolmogorov-Smirnov Test for Normality: EXCLUDE
Lilliefors Test: EXCLUDE
Kolmogorov-Smirnov Test: EXCLUDE
Kolmogorov-Smirnov Test for Uniform distribution: EXCLUDE
Kolmogorov-Smirnov Test for Gamma distribution: EXCLUDE
Kolmogorov-Smirnov Test for Exponential distribution: EXCLUDE
Chi-square Independence Test: EXCLUDE
Fisher Exact Test: EXCLUDE
Mantel-Haenszel Test: EXCLUDE
Mean: EXCLUDE
Median: EXCLUDE
Mode: EXCLUDE
Range: EXCLUDE
Quartile: EXCLUDE
Standard Deviation: EXCLUDE
Skewness: EXCLUDE
Kurtosis: EXCLUDE
Mood Variance Test: EXCLUDE
Levene Test: EXCLUDE
Bartlett Test: EXCLUDE
F-Test for Variance: EXCLUDE

5. Self-check: The methods marked INCLUDE are Pearson Correlation Coefficient, Spearman Correlation Coefficient, and Kendall Correlation Coefficient. These methods are all within the Correlation Analysis category and do not contradict any conditions.

FINAL ANSWER (JSON):{""columns"": [""Number of trees sold"", ""Average Tree Price""], ""methods"": [""Pearson Correlation Coefficient"", ""Spearman Correlation Coefficient"", ""Kendall Correlation Coefficient""]}"
118,Distribution Compliance Test,What is the likelihood that the price at which the produce is sold at the farm follows a normal distribution?,Anderson-Darling Test|Kolmogorov-Smirnov Test for Normality|Lilliefors Test,Anderson-Darling Test|Shapiro-Wilk Test of Normality|Kolmogorov-Smirnov Test for Normality|Lilliefors Test,fully_labeled,Anderson-Darling Test=include|Shapiro-Wilk Test of Normality=include|Kolmogorov-Smirnov Test for Normality=include|Kolmogorov-Smirnov Test=include|Lilliefors Test=include|Kolmogorov-Smirnov Test for Uniform distribution=exclude|Kolmogorov-Smirnov Test for Gamma distribution=exclude|Kolmogorov-Smirnov Test for Exponential distribution=exclude,,,"1. The variable involved is 'farmprice'.
2. The statistical task type is to test the distribution compliance of 'farmprice'.
3. The appropriate method category is 'Distribution Compliance Test'.
4. 
Anderson-Darling Test: INCLUDE
Shapiro-Wilk Test of Normality: INCLUDE
Kolmogorov-Smirnov Test for Normality: INCLUDE
Lilliefors Test: INCLUDE
Kolmogorov-Smirnov Test: EXCLUDE
Kolmogorov-Smirnov Test for Uniform distribution: EXCLUDE
Kolmogorov-Smirnov Test for Gamma distribution: EXCLUDE
Kolmogorov-Smirnov Test for Exponential distribution: EXCLUDE

5. Self-check:
- Anderson-Darling Test: INCLUDE
- Shapiro-Wilk Test of Normality: INCLUDE
- Kolmogorov-Smirnov Test for Normality: INCLUDE
- Lilliefors Test: INCLUDE

6. FINAL ANSWER (JSON):
{""columns"": [""farmprice""], ""methods"": [""Anderson-Darling Test"", ""Shapiro-Wilk Test of Normality"", ""Kolmogorov-Smirnov Test for Normality"", ""Lilliefors Test""]}"
244,Contingency Table Test,Is there a discernible association pattern between the type of chest pain and the slope of the peak exercise ST segment?,Chi-square Independence Test,Chi-square Independence Test|Fisher Exact Test,fully_labeled,Chi-square Independence Test=include|Fisher Exact Test=include|Mantel-Haenszel Test=exclude,,,"1. Identify the variables involved.
   - ChestPainType (categorical)
   - ST_Slope (categorical)

2. Determine the statistical task type.
   - The task is to find an association pattern between two categorical variables.

3. Select the appropriate method category.
   - Contingency Table Test

4. Evaluate the candidate methods.
   Chi-square Independence Test: INCLUDE
   Fisher Exact Test: INCLUDE
   Mantel-Haenszel Test: EXCLUDE

5. Self-check:
   - Chi-square Independence Test: INCLUDE (valid for categorical variables)
   - Fisher Exact Test: INCLUDE (valid for categorical variables)
   - Mantel-Haenszel Test: EXCLUDE (not applicable for two categorical variables without a stratification variable)

FINAL ANSWER (JSON): {""columns"": [""ChestPainType"", ""ST_Slope""], ""methods"": [""Chi-square Independence Test"", ""Fisher Exact Test""]}"
280,Distribution Compliance Test,"Does the budget allocated for TV advertising ($), follow a distribution that is suitable for methods assuming normality?",Anderson-Darling Test|Kolmogorov-Smirnov Test for Normality|Lilliefors Test,Anderson-Darling Test|Shapiro-Wilk Test of Normality|Kolmogorov-Smirnov Test for Normality|Lilliefors Test,fully_labeled,Anderson-Darling Test=include|Shapiro-Wilk Test of Normality=include|Kolmogorov-Smirnov Test for Normality=include|Kolmogorov-Smirnov Test=include|Lilliefors Test=include|Kolmogorov-Smirnov Test for Uniform distribution=exclude|Kolmogorov-Smirnov Test for Gamma distribution=exclude|Kolmogorov-Smirnov Test for Exponential distribution=exclude,,,"1. The variable involved is ""TV Ad Budget ($)"".
2. The statistical task type is to test if the distribution of the TV Ad Budget follows a distribution suitable for methods assuming normality.
3. The appropriate method category is ""Distribution Compliance Test"".
4. 
- Anderson-Darling Test: INCLUDE
- Shapiro-Wilk Test of Normality: INCLUDE
- Kolmogorov-Smirnov Test for Normality: INCLUDE
- Lilliefors Test: INCLUDE
- Kolmogorov-Smirnov Test: EXCLUDE
- Kolmogorov-Smirnov Test for Uniform distribution: EXCLUDE
- Kolmogorov-Smirnov Test for Gamma distribution: EXCLUDE
- Kolmogorov-Smirnov Test for Exponential distribution: EXCLUDE
5. After self-check, the methods marked INCLUDE are:
- Anderson-Darling Test
- Shapiro-Wilk Test of Normality
- Kolmogorov-Smirnov Test for Normality
- Lilliefors Test
6. FINAL ANSWER (JSON):
{""columns"": [""TV Ad Budget ($)""], ""methods"": [""Anderson-Darling Test"", ""Shapiro-Wilk Test of Normality"", ""Kolmogorov-Smirnov Test for Normality"", ""Lilliefors Test""]}"
264,Contingency Table Test,Is there a relationship between hypertension and smoking status?,Chi-square Independence Test,Chi-square Independence Test|Fisher Exact Test,fully_labeled,Chi-square Independence Test=include|Fisher Exact Test=include|Mantel-Haenszel Test=exclude,,,"1. The variables involved are 'hypertension' and 'smoking_status'.
2. The statistical task type is to determine if there is a relationship between two categorical variables.
3. The appropriate method category is Contingency Table Test.
4. 
- Chi-square Independence Test: INCLUDE
- Fisher Exact Test: INCLUDE
- Mantel-Haenszel Test: EXCLUDE

5. Self-check: The methods marked INCLUDE are 'Chi-square Independence Test' and 'Fisher Exact Test'. 'Mantel-Haenszel Test' is excluded because it is used for stratified analysis and there is no indication of a strata variable in the question.

FINAL ANSWER (JSON): {""columns"": [""hypertension"", ""smoking_status""], ""methods"": [""Chi-square Independence Test"", ""Fisher Exact Test""]}"
181,Distribution Compliance Test,Do the annual crop production in Nigeria and India follow similar distribution curves?,Kolmogorov-Smirnov Test,Kolmogorov-Smirnov Test,fully_labeled,Anderson-Darling Test=exclude|Shapiro-Wilk Test of Normality=exclude|Kolmogorov-Smirnov Test for Normality=exclude|Kolmogorov-Smirnov Test=exclude|Lilliefors Test=exclude|Kolmogorov-Smirnov Test for Uniform distribution=exclude|Kolmogorov-Smirnov Test for Gamma distribution=exclude|Kolmogorov-Smirnov Test for Exponential distribution=exclude,,,"1. Identify the variables involved.
   - Nigeria: annual crop production in Nigeria
   - India: annual crop production in India

2. Determine the statistical task type.
   - The task is to compare the distribution curves of two quantitative variables.

3. Select the appropriate method category.
   - Distribution Compliance Test and Variance Test are not directly applicable here as we are comparing two distributions rather than testing against a specific distribution or variance.
   - Contingency Table Test is not applicable as it is used for categorical data.
   - Correlation Analysis is not directly applicable as it measures the relationship between two variables rather than comparing their distributions.
   - Descriptive Statistics can provide insights but do not directly compare distributions.
   - The most appropriate category here would be Distribution Compliance Test, specifically methods that can compare two distributions.

4. Evaluate the candidate methods.
   - Anderson-Darling Test: EXCLUDE
   - Shapiro-Wilk Test of Normality: EXCLUDE
   - Kolmogorov-Smirnov Test for Normality: EXCLUDE
   - Lilliefors Test: EXCLUDE
   - Kolmogorov-Smirnov Test: INCLUDE
   - Kolmogorov-Smirnov Test for Uniform distribution: EXCLUDE
   - Kolmogorov-Smirnov Test for Gamma distribution: EXCLUDE
   - Kolmogorov-Smirnov Test for Exponential distribution: EXCLUDE

5. Self-check: list only the methods marked INCLUDE in Step 4.
   - Kolmogorov-Smirnov Test: INCLUDE

6. FINAL ANSWER (JSON):
{""columns"": [""Nigeria"", ""India""], ""methods"": [""Kolmogorov-Smirnov Test""]}"
273,Variance Test,Do the average glucose level and body mass index exhibit similar patterns of variance to some extent?,Mood Variance Test|Levene Test,Mood Variance Test|Levene Test|Bartlett Test|F-Test for Variance,fully_labeled,Mood Variance Test=include|Levene Test=include|Bartlett Test=include|F-Test for Variance=include,,,"1. The variables involved are 'avg_glucose_level' and 'bmi'.
2. The statistical task type is to compare the variances of two quantitative variables.
3. The appropriate method category is Variance Test.
4. 
- Mood Variance Test: INCLUDE
- Levene Test: INCLUDE
- Bartlett Test: INCLUDE
- F-Test for Variance: INCLUDE
5. Self-check: All methods marked INCLUDE in Step 4 are from the Variance Test category and are appropriate for comparing the variances of two quantitative variables.
6. FINAL ANSWER (JSON): {""columns"": [""avg_glucose_level"", ""bmi""], ""methods"": [""Mood Variance Test"", ""Levene Test"", ""Bartlett Test"", ""F-Test for Variance""]}"
155,Variance Test,Is there a statistically significant difference in the variances of the property's square footage and the number of bathrooms?,Mood Variance Test|Levene Test,Mood Variance Test|Levene Test|Bartlett Test|F-Test for Variance,fully_labeled,Mood Variance Test=include|Levene Test=include|Bartlett Test=include|F-Test for Variance=include,,,"1. Identify the variables involved: SquareFeet and Bathrooms.
2. Determine the statistical task type: Variance Test.
3. Select the appropriate method category: Variance Test.
4. Evaluate the candidate methods:
   - Mood Variance Test: INCLUDE
   - Levene Test: INCLUDE
   - Bartlett Test: INCLUDE
   - F-Test for Variance: INCLUDE
5. Self-check: All methods marked INCLUDE in Step 4 are from the Variance Test category and do not contradict any condition.
6. FINAL ANSWER (JSON): {""columns"": [""SquareFeet"", ""Bathrooms""], ""methods"": [""Mood Variance Test"", ""Levene Test"", ""Bartlett Test"", ""F-Test for Variance""]}"
363,Variance Test,Do the GRE and TOEFL scores exhibit similar levels of data dispersion?,Mood Variance Test|Levene Test,Range|Quartile|Standard Deviation,fully_labeled,Mean=exclude|Median=exclude|Mode=exclude|Range=include|Quartile=include|Standard Deviation=include|Skewness=exclude|Kurtosis=exclude,,,"1. The variables involved are GRE Score and TOEFL Score.
2. The statistical task type is to compare the dispersion of two quantitative variables.
3. The appropriate method category is Descriptive Statistics.
4. 
- Mean: EXCLUDE
- Median: EXCLUDE
- Mode: EXCLUDE
- Range: INCLUDE
- Quartile: INCLUDE
- Standard Deviation: INCLUDE
- Skewness: EXCLUDE
- Kurtosis: EXCLUDE

5. Self-check: The methods marked INCLUDE are Range, Quartile, and Standard Deviation. All these methods are relevant to measuring dispersion and do not contradict any conditions.

FINAL ANSWER (JSON):{""columns"": [""GRE Score"", ""TOEFL Score""], ""methods"": [""Range"", ""Quartile"", ""Standard Deviation""]}"
271,Distribution Compliance Test,What is the likelihood that annual crop production in Japan follows a normal distribution?,Anderson-Darling Test|Shapiro-Wilk Test of Normality|Kolmogorov-Smirnov Test for Normality,Anderson-Darling Test|Shapiro-Wilk Test of Normality|Kolmogorov-Smirnov Test for Normality|Lilliefors Test,fully_labeled,Anderson-Darling Test=include|Shapiro-Wilk Test of Normality=include|Kolmogorov-Smirnov Test for Normality=include|Kolmogorov-Smirnov Test=include|Lilliefors Test=include|Kolmogorov-Smirnov Test for Uniform distribution=exclude|Kolmogorov-Smirnov Test for Gamma distribution=exclude|Kolmogorov-Smirnov Test for Exponential distribution=exclude,,,"1. The variable involved is 'Japan', which is a quantitative variable.
2. The statistical task type is to test the distribution compliance of the annual crop production in Japan.
3. The appropriate method category is 'Distribution Compliance Test'.
4. 
Anderson-Darling Test: INCLUDE
Shapiro-Wilk Test of Normality: INCLUDE
Kolmogorov-Smirnov Test for Normality: INCLUDE
Lilliefors Test: INCLUDE
Kolmogorov-Smirnov Test: EXCLUDE
Kolmogorov-Smirnov Test for Uniform distribution: EXCLUDE
Kolmogorov-Smirnov Test for Gamma distribution: EXCLUDE
Kolmogorov-Smirnov Test for Exponential distribution: EXCLUDE

5. Self-check:
- Anderson-Darling Test: INCLUDE
- Shapiro-Wilk Test of Normality: INCLUDE
- Kolmogorov-Smirnov Test for Normality: INCLUDE
- Lilliefors Test: INCLUDE

6. FINAL ANSWER (JSON):
{""columns"": [""Japan""], ""methods"": [""Anderson-Darling Test"", ""Shapiro-Wilk Test of Normality"", ""Kolmogorov-Smirnov Test for Normality"", ""Lilliefors Test""]}"
28,Variance Test,Is there homogeneity of variance between the total kilometers driven by the car and the maximum power output of the car's engine in brake horsepower (bhp)?,Mood Variance Test|Levene Test,Mood Variance Test|Levene Test|Bartlett Test|F-Test for Variance,fully_labeled,Mood Variance Test=include|Levene Test=include|Bartlett Test=include|F-Test for Variance=include,,,"1. Identify the variables involved:
   - kms_driven (quantitative)
   - max_power(bhp) (quantitative)

2. Determine the statistical task type:
   - The task is to check for homogeneity of variance between two quantitative variables.

3. Select the appropriate method category:
   - Variance Test

4. Evaluate the candidate methods:
   - Mood Variance Test: INCLUDE
   - Levene Test: INCLUDE
   - Bartlett Test: INCLUDE
   - F-Test for Variance: INCLUDE

5. Self-check:
   - All methods marked INCLUDE are from the Variance Test category and are appropriate for checking homogeneity of variance between two quantitative variables.

6. FINAL ANSWER (JSON):
{""columns"": [""kms_driven"", ""max_power(bhp)""], ""methods"": [""Mood Variance Test"", ""Levene Test"", ""Bartlett Test"", ""F-Test for Variance""]}"
41,Variance Test,Are the levels of data spread similar for studytime and health?,Mood Variance Test|Levene Test,Mood Variance Test|Levene Test|Bartlett Test|F-Test for Variance,fully_labeled,Mood Variance Test=include|Levene Test=include|Bartlett Test=include|F-Test for Variance=include,,,"1. Identify the variables involved: studytime and health.
2. Determine the statistical task type: The task is to compare the spread of two quantitative variables.
3. Select the appropriate method category: Variance Test.
4. Evaluate the candidate methods:
   - Mood Variance Test: INCLUDE
   - Levene Test: INCLUDE
   - Bartlett Test: INCLUDE
   - F-Test for Variance: INCLUDE
5. Self-check: All methods marked INCLUDE in Step 4 are from the Variance Test category and are appropriate for comparing the spread of two quantitative variables. No contradictions are found.
6. FINAL ANSWER (JSON): {""columns"": [""studytime"", ""health""], ""methods"": [""Mood Variance Test"", ""Levene Test"", ""Bartlett Test"", ""F-Test for Variance""]}"
3,Distribution Compliance Test,Is there evidence to suggest that the variable Age does not follow a normal distribution?,Anderson-Darling Test|Kolmogorov-Smirnov Test for Normality|Lilliefors Test,Anderson-Darling Test|Shapiro-Wilk Test of Normality|Kolmogorov-Smirnov Test for Normality|Lilliefors Test,fully_labeled,Anderson-Darling Test=include|Shapiro-Wilk Test of Normality=include|Kolmogorov-Smirnov Test for Normality=include|Kolmogorov-Smirnov Test=include|Lilliefors Test=include|Kolmogorov-Smirnov Test for Uniform distribution=exclude|Kolmogorov-Smirnov Test for Gamma distribution=exclude|Kolmogorov-Smirnov Test for Exponential distribution=exclude,,,"1. The variable involved is 'Age'.
2. The statistical task type is to test if a variable follows a normal distribution.
3. The appropriate method category is 'Distribution Compliance Test'.
4. 
- Anderson-Darling Test: INCLUDE
- Shapiro-Wilk Test of Normality: INCLUDE
- Kolmogorov-Smirnov Test for Normality: INCLUDE
- Lilliefors Test: INCLUDE
- Kolmogorov-Smirnov Test: EXCLUDE
- Kolmogorov-Smirnov Test for Uniform distribution: EXCLUDE
- Kolmogorov-Smirnov Test for Gamma distribution: EXCLUDE
- Kolmogorov-Smirnov Test for Exponential distribution: EXCLUDE
5. Self-check: The methods marked INCLUDE are Anderson-Darling Test, Shapiro-Wilk Test of Normality, Kolmogorov-Smirnov Test for Normality, and Lilliefors Test. These methods are all relevant to testing normal distribution compliance.
6. FINAL ANSWER (JSON): {""columns"": [""Age""], ""methods"": [""Anderson-Darling Test"", ""Shapiro-Wilk Test of Normality"", ""Kolmogorov-Smirnov Test for Normality"", ""Lilliefors Test""]}"
22,Variance Test,Is there a significant difference in the variances of annual crop production between the Philippines and Bangladesh?,Mood Variance Test|Levene Test|Bartlett Test|F-Test for Variance,Mood Variance Test|Levene Test|Bartlett Test|F-Test for Variance,fully_labeled,Mood Variance Test=include|Levene Test=include|Bartlett Test=include|F-Test for Variance=include,,,"1. The variables involved are the annual crop production data for the Philippines and Bangladesh.
2. The statistical task type is to compare the variances of two quantitative variables.
3. The appropriate method category is Variance Test.
4. 
- Mood Variance Test: INCLUDE
- Levene Test: INCLUDE
- Bartlett Test: INCLUDE
- F-Test for Variance: INCLUDE
5. Self-check: All methods marked INCLUDE in Step 4 are from the Variance Test category and are appropriate for comparing the variances of two quantitative variables.
6. FINAL ANSWER (JSON):
{""columns"": [""Philippines"", ""Bangladesh""], ""methods"": [""Mood Variance Test"", ""Levene Test"", ""Bartlett Test"", ""F-Test for Variance""]}"
188,Contingency Table Test,Is there evidence in the data to indicate a relationship between the experience of peer pressure related to smoking and the presence of chronic disease?,Chi-square Independence Test|Fisher Exact Test,Chi-square Independence Test|Fisher Exact Test,fully_labeled,Chi-square Independence Test=include|Fisher Exact Test=include|Mantel-Haenszel Test=exclude,,,"1. Identify the variables involved.
   - PEER_PRESSURE (related to smoking)
   - CHRONIC DISEASE

2. Determine the statistical task type.
   - The task is to determine if there is a relationship between two categorical variables.

3. Select the appropriate method category.
   - Contingency Table Test

4. Evaluate the candidate methods.
   Chi-square Independence Test: INCLUDE
   Fisher Exact Test: INCLUDE
   Mantel-Haenszel Test: EXCLUDE

5. Self-check:
   - Chi-square Independence Test: INCLUDE (valid for categorical variables)
   - Fisher Exact Test: INCLUDE (valid for categorical variables)
   - Mantel-Haenszel Test: EXCLUDE (not applicable for two categorical variables without a stratification variable)

6. FINAL ANSWER (JSON):
{""columns"": [""PEER_PRESSURE"", ""CHRONIC DISEASE""], ""methods"": [""Chi-square Independence Test"", ""Fisher Exact Test""]}"
79,Distribution Compliance Test,Do the distributions of the number of teenagers in the customer's household and the number of purchases made directly in stores exhibit a close alignment?,Kolmogorov-Smirnov Test,Anderson-Darling Test|Kolmogorov-Smirnov Test,fully_labeled,Anderson-Darling Test=include|Shapiro-Wilk Test of Normality=exclude|Kolmogorov-Smirnov Test for Normality=exclude|Kolmogorov-Smirnov Test=exclude|Lilliefors Test=exclude|Kolmogorov-Smirnov Test for Uniform distribution=exclude|Kolmogorov-Smirnov Test for Gamma distribution=exclude|Kolmogorov-Smirnov Test for Exponential distribution=exclude,,,"1. The variables involved are 'Teenhome' (number of teenagers in the customer's household) and 'NumStorePurchases' (number of purchases made directly in stores).
2. The statistical task type is to compare the distributions of two quantitative variables.
3. The appropriate method category is Distribution Compliance Test.
4. 
- Anderson-Darling Test: INCLUDE
- Shapiro-Wilk Test of Normality: EXCLUDE
- Kolmogorov-Smirnov Test for Normality: EXCLUDE
- Lilliefors Test: EXCLUDE
- Kolmogorov-Smirnov Test: INCLUDE
- Kolmogorov-Smirnov Test for Uniform distribution: EXCLUDE
- Kolmogorov-Smirnov Test for Gamma distribution: EXCLUDE
- Kolmogorov-Smirnov Test for Exponential distribution: EXCLUDE

5. Self-check: The methods marked INCLUDE are Anderson-Darling Test and Kolmogorov-Smirnov Test. Both methods are suitable for comparing the distributions of two quantitative variables without contradicting any conditions.

FINAL ANSWER (JSON):
{""columns"": [""Teenhome"", ""NumStorePurchases""], ""methods"": [""Anderson-Darling Test"", ""Kolmogorov-Smirnov Test""]}"
207,Variance Test,Do Heart Rate and BMI exhibit similar levels of variability in the data?,Mood Variance Test|Levene Test,Mood Variance Test|Levene Test|Bartlett Test|F-Test for Variance,fully_labeled,Mood Variance Test=include|Levene Test=include|Bartlett Test=include|F-Test for Variance=include,,,"1. The variables involved are Heart Rate and BMI.
2. The statistical task type is to compare the variability of two quantitative variables.
3. The appropriate method category is Variance Test.
4. 
- Mood Variance Test: INCLUDE
- Levene Test: INCLUDE
- Bartlett Test: INCLUDE
- F-Test for Variance: INCLUDE
5. Self-check: All methods marked INCLUDE in Step 4 are from the Variance Test category and are appropriate for comparing the variability of two quantitative variables.
6. FINAL ANSWER (JSON):
{""columns"": [""Heart Rate"", ""BMI""], ""methods"": [""Mood Variance Test"", ""Levene Test"", ""Bartlett Test"", ""F-Test for Variance""]}"
